name,short_name,variant,num_cores,dataset/size,prefetchers,repetitions,vectype[ops],time_s,o=inst_count_gi,c=inst_rate_gi/s,%misp_branches,executed/retired_uops,register_addr_rate_gb/s,register_data_rate_gb/s,register_simd_rate_gb/s,register_rate_gb/s,l1_rate_gb/s,l2_rate_gb/s,l3_rate_gb/s,ram_rate_gb/s,flop_rate_gflop/s,iop_rate_giop/s,%ops[vec],%inst[vec],%ops[fma],%inst[fma],%prf,%sb,%rs,%lb,%rob,%lm,%frontend,ddg_true_cyclic,ddg_artifical_cyclic,limits,rhs_op_count,init_only
ASC-llnl_v1.0: Crystal_div.c_Crystal_div_line43_0,dv43,ORIG,1,10000,0,228571429,XMM=0.8%;YMM=99.2%,1.93E-08,2.20E-07,11.38738216,1.64E-05,0.954490975,31.04708388,2.897727829,371.7370843,405.6818961,82.79222368,0.003457274,0.002650522,0.006821228,10.34902796,2.58725699,1,1,0.5,0.333333333,5.21E-05,0.00081696,0.173214618,2.90E-06,0.000141665,1.39E-06,0.576888383,,,[99],3,TRUE
ASC-llnl_v1.0: Crystal_div.c_Crystal_div_line49_0,dv49,ORIG,1,10000,0,22857143,YMM=100.0%,1.90E-07,1.82E-07,0.954656797,0.000162522,0.952770704,4.16206251,0.294287248,33.63282837,38.08917813,12.61231064,0.003363409,0.002641405,0.006837399,1.57653883,0,1,1,0.333333333,0.2,4.73E-05,1.65E-05,0.911087471,2.97E-06,0.000146691,1.43E-06,0.058587592,,,[99],3,FALSE
ASC-llnl_v1.0: Crystal_div.c_Crystal_div_line61_0,dv61,ORIG,1,10000,0,22857143,YMM=96.2%,1.90E-07,3.06E-07,1.608439737,0.000168726,0.956145133,13.59696341,0.420958619,29.46710336,43.48502539,8.41917239,0.003694255,0.002816347,0.006857796,0.526198274,0.021047931,0.666666667,0.428571429,0,0,0.229233158,1.88E-05,0.364692238,0.024886363,0.398623209,1.46E-06,0.118750151,,,[99],1,FALSE
ASC-llnl_v1.0: Crystal_pow.c_Crystal_pow_line32_0,pw32,ORIG,1,10000,0,228571429,XMM=1.3%;YMM=98.7%,1.95E-08,2.19E-07,11.22195399,1.61E-05,0.953887587,30.73566223,2.868661808,327.0274461,360.6317702,81.96176594,0.003411061,0.002615302,0.006815344,5.122610371,2.561305186,1,1,0,0,5.02E-05,0.000634094,0.184340595,2.93E-06,0.000136362,1.41E-06,0.571101832,,,[99],3,TRUE
ASC-llnl_v1.0: laplace.c_GenerateSeqLaplacian_line73_0,gnr73,ORIG,1,10000,0,32000,,0.000141806,0.000133376,0.940558513,0.000364033,0.999769716,11.90035519,0.440829116,21.15573567,33.49691998,21.15573567,42.34024055,46.43092316,0.007985778,0,0,1,1,0,0,6.12E-05,0.931221722,0.000229629,1.12E-05,0.000153812,2.78E-06,0.063283286,,,[124999],0,TRUE
ASC-llnl_v1.0: vector.c_hypre_SeqVectorAxpy_line384_0,sqv384,ORIG,1,10000,0,80000,YMM=100.0%,6.11E-05,0.000125295,2.04973698,0.000227878,0.999866862,22.49850932,1.023046189,81.7965803,105.3181358,49.07794818,49.23243479,51.41817052,0.007552364,4.089829015,0,0.999968,0.999488295,0.4,0.25,5.68E-05,0.000128161,0.00307659,0.000165984,0.000153272,0.858992438,0.129559151,,,[124999],2,FALSE
FreeBench_default: neural.c_runcont_line711_0,rnc711,ORIG,1,10000,0,16000000,XMM=0.2%;YMM=99.8%,3.43E-07,3.40E-06,9.893139179,0.004096232,0.998231987,77.35050711,5.218829395,611.0224095,693.591746,122.2697173,0.012406653,0.002191048,0.006815127,0,15.27497778,0.999237805,0.982142857,0,0,4.84E-05,1.59E-05,0.098721916,3.31E-06,0.000136336,1.61E-06,0.86778466,FALSE,FALSE,[3499],0,FALSE
FreeBench_default: neural.c_runcont_line720_0,rnc720,ORIG,1,10000,0,32000000,,1.38E-07,1.63E-06,11.7823143,0.004208454,0.999676172,141.4911297,12.98934961,204.46628,358.9467593,202.9585877,0.013295792,0.002742473,0.006862731,0,0,0.998857143,0.988095238,0,0,4.66E-05,8.79E-05,0.054636891,2.79E-06,0.000150937,1.84E-06,0.656285008,FALSE,FALSE,[3499],0,FALSE
FreeBench_default: pifft.c_mp_unsgn_idiv_line698_0,dv698,ORIG,1,10000,0,534,SC=100.0%,0.009653219,0.013661582,1.415235906,0.000110851,0.999861431,6.082971496,3.041485748,16.51092263,25.63537988,0.868995928,0.876152867,0.879475065,0.008348499,0.651746946,0,0,0,0.571428571,0.333333333,5.88E-05,0.000130104,0.866327289,1.28E-05,0.000151358,3.09E-06,0.124771375,TRUE,TRUE,[1048575],6,FALSE
Kernels_SERIAL: amr.c_main_line500_0,ker500,ORIG,1,10000,0,80000,YMM=93.7%,5.28E-05,0.000225767,4.272157199,8.98E-05,0.978305301,14.99595483,7.844037913,195.3319245,218.1719172,39.0663849,39.38496833,50.61950633,0.007690462,4.883298112,0.326834913,1,1,0,0,0.00618604,1.82E-05,0.708083422,7.55E-06,0.003690461,5.31E-06,0.251361509,TRUE,TRUE,"[[None, None]]",1,FALSE
Kernels_SERIAL: amr.c_main_line502_0,ker502,ORIG,1,10000,0,80000,YMM=93.7%,5.28E-05,0.000225767,4.272081725,8.99E-05,0.978311312,14.99568991,7.843899337,195.3284737,218.1680629,39.06569474,39.38492365,50.61955971,0.007671626,4.883211842,0.326829139,1,1,0,0,0.006186619,1.90E-05,0.708108013,8.06E-06,0.003683356,5.17E-06,0.251357068,TRUE,TRUE,"[[None, None]]",1,FALSE
Kernels_SERIAL: amr.c_main_line506_0,ker506,ORIG,1,10000,0,80000,YMM=94.1%,5.22E-05,0.000210136,4.024004918,0.000101982,0.98735773,15.05978123,7.529890613,200.797083,223.3867549,40.1594166,40.17346642,50.4358044,0.007722395,5.019927075,0.313745442,1,1,0,0,0.000428223,1.97E-05,0.728175189,7.91E-06,0.000202467,1.93E-06,0.254388196,TRUE,TRUE,"[n - 1, n - 1]",1,FALSE
Kernels_SERIAL: amr.c_main_line508_0,ker508,ORIG,1,10000,0,80000,YMM=94.1%,5.22E-05,0.000210135,4.023939422,0.000102365,0.98735773,15.05965353,7.529826763,200.7953803,223.3848606,40.15907607,40.17454046,50.43498144,0.007727048,5.019884509,0.313742782,1,1,0,0,0.000453699,2.09E-05,0.72814188,7.41E-06,0.000277478,1.90E-06,0.254386039,TRUE,TRUE,"[n - 1, n - 1]",1,FALSE
Kernels_SERIAL: sparse.c_main_line236_0,ker236,ORIG,1,10000,0,16000,YMM=96.0%,0.000323716,0.001311762,4.052200676,7.28E-05,0.999964542,29.1526685,4.858778083,155.4808987,189.4923452,51.82696622,51.93764167,52.25531894,0.011067415,3.239185389,1.822041781,1,1,0,0,0.218749521,0.00046453,0.388493232,1.24E-05,0.111929176,0.011129556,0.369332793,FALSE,FALSE,[1048575],2,TRUE
Kernels_SERIAL: sparse.c_main_line256_0,ker256,ORIG,1,10000,0,20000,YMM=94.1%,0.000205276,0.000525086,2.557946572,5.88E-05,0.999918309,25.54058019,7.662174056,81.72985659,114.9326108,40.8649283,40.87486626,50.56586206,0.011521662,5.108116037,0.319257252,1,1,0,0,0.000380308,0.000140398,0.409002192,1.06E-05,0.000191329,0.386479887,0.237285796,TRUE,TRUE,[1048575],1,FALSE
Kernels_SERIAL: stencil.c_main_line259_0,ker259,ORIG,1,10000,0,5334,YMM=88.4%,0.000915537,0.00216465,2.364351214,0.007442639,0.996110248,8.912421856,6.749720662,87.27545786,102.9376004,17.54578549,17.44914402,29.42270802,15.48813255,2.175782048,0.281238361,0.998003992,0.979328165,0,0,0.001831181,4.48E-05,0.847348378,2.80E-05,0.000157857,4.97E-06,0.132134302,TRUE,TRUE,"[[None, None]]",1,FALSE
Kernels_SERIAL: transpose.c_main_line176_0,ker176,ORIG,1,10000,0,2286,YMM=100.0%,0.00195873,0.006872775,3.508791895,0.007592592,0.999895179,11.23176907,1.021069916,212.3825425,224.6353815,16.33711865,16.34498209,27.10817203,16.3631014,4.084279663,1.021069916,1,1,0,0,0.211235219,4.69E-05,0.527089399,2.90E-05,0.000658328,4.80E-06,0.267340941,TRUE,TRUE,"[1999, 1999]",1,FALSE
NPB_2.3-OpenACC-C: bt.c_add_line179_0,add179,ORIG,1,10000,0,3200,SC=100.0%,0.001350218,0.00482383,3.572629867,0.015875196,1.004771661,24.00545752,6.354385814,28.24171473,58.60155806,21.18128605,22.0109402,32.05609891,22.02119464,0.882553585,0.088255359,0,0,0,0,0.000102709,0.01760043,0.200140317,0.127028278,0.000259947,0.440418089,0.226703257,FALSE,FALSE,"[61, 61, 61, 4]",1,FALSE
NPB_2.3-OpenACC-C: bt.c_compute_rhs_line1771_0,rhs1771,ORIG,1,10000,0,2667,YMM=99.0%,0.00162674,0.002575541,1.583253244,0.001248941,0.997687105,10.6369504,0.325913189,69.61543487,80.57829845,12.8917472,22.51179646,32.35436596,22.4641792,1.93376208,0.02022204,1,0.99902439,0.181818182,0.1,0.003451245,0.00750676,0.870658001,2.90E-05,0.004478709,5.02E-06,0.106187508,FALSE,TRUE,"[63, 63, 63]",12,FALSE
NPB_2.3-OpenACC-C: bt.c_compute_rhs_line1808_0,rhs1808,ORIG,1,10000,0,1600,YMM=96.5%,0.003585599,0.013397342,3.736430107,0.002119739,0.976591688,24.9673847,0.276039759,223.4872118,248.7306362,60.56745297,26.08277869,35.8353278,12.0723938,6.24800191,0.017187642,0.977501939,0.882867571,0.336384794,0.208289427,0.266710054,3.51E-05,0.184200588,0.071159232,0.000139871,0.15342563,0.325762789,FALSE,TRUE,"[61, 61, 61]",96,FALSE
NPB_2.3-OpenACC-C: bt.c_compute_rhs_line1869_0,rhs1869,ORIG,1,10000,0,228572,SC=100.0%,1.84E-05,0.000116244,6.318033722,0.01590719,1.002098804,86.91331255,7.521344356,91.92754212,186.362199,41.78524642,43.56802579,53.39489285,0.007127012,6.267786963,0.104463116,0,0,0.545454545,0.375,9.15E-05,0.000145564,0.175286847,0.080146997,0.000181588,0.092788584,0.621430307,FALSE,FALSE,"[61, 61, 4]",6,FALSE
NPB_2.3-OpenACC-C: bt.c_compute_rhs_line1881_0,rhs1881,ORIG,1,10000,0,200000,YMM=96.2%,2.01E-05,3.98E-05,1.978409577,0.000998859,0.99242007,26.723234,1.885910886,106.9915457,135.6006906,45.85351959,47.61017733,54.44985979,0.007515984,7.642253265,0.04930486,0.967741935,0.853889943,0.566820276,0.38372093,0.005987045,4.99E-05,0.069915899,0.011892367,0.003661626,0.72649903,0.196344944,FALSE,FALSE,"[61, 61, 4]",8,FALSE
NPB_2.3-OpenACC-C: bt.c_compute_rhs_line1907_0,rhs1907,ORIG,1,10000,0,200000,YMM=96.5%,2.01E-05,4.04E-05,2.012674218,0.000992645,0.99230985,26.75274084,1.887993242,107.3564785,135.9972125,45.90414941,47.62651896,54.39600482,0.007235294,7.619842005,0.0493593,0.969976905,0.853889943,0.56812933,0.388235294,0.000298573,0.000149735,0.048975937,0.018270912,0.000153746,0.743911138,0.19456832,FALSE,FALSE,"[61, 61, 4]",8,FALSE
NPB_2.3-OpenACC-C: bt.c_compute_rhs_line1919_0,rhs1919,ORIG,1,10000,0,228572,SC=100.0%,1.85E-05,0.000116244,6.28135912,0.015908097,1.002090682,86.40880256,7.477684837,91.39392578,185.2804132,41.54269354,43.30904194,53.78851899,0.007123342,6.231404031,0.103856734,0,0,0.545454545,0.375,8.75E-05,0.0001455,0.17918148,0.078601315,0.000199595,0.092644325,0.617793578,FALSE,FALSE,"[61, 61, 4]",6,FALSE
NPB_2.3-OpenACC-C: bt.c_compute_rhs_line1933_0,rhs1933,ORIG,1,10000,0,1600,YMM=96.5%,0.002493146,0.012869221,5.161839493,0.002344452,0.978633072,31.92357486,0.396995548,322.6241866,354.944757,88.71055017,20.00937972,24.52665023,17.19921445,8.985766935,0.024718966,0.976958525,0.88291582,0.333026114,0.205403533,0.29376747,0.000106184,0.173941144,0.039922812,0.000282361,0.055135009,0.451762455,FALSE,TRUE,"[61, 61, 61]",96,FALSE
NPB_2.3-OpenACC-C: bt.c_compute_rhs_line2001_0,rhs2001,ORIG,1,10000,0,200000,YMM=96.2%,2.16E-05,3.98E-05,1.839888847,0.001014671,0.992421944,24.85125332,1.753801549,99.49671534,126.1017702,42.64144943,44.31903002,54.07713757,0.007624718,7.106908239,0.045851021,0.967741935,0.853889943,0.566820276,0.38372093,0.004931342,4.73E-05,0.060235052,0.008561119,0.003012128,0.750617846,0.182590848,FALSE,FALSE,"[61, 61, 4]",8,FALSE
NPB_2.3-OpenACC-C: bt.c_compute_rhs_line2027_0,rhs2027,ORIG,1,10000,0,200000,YMM=96.5%,2.18E-05,4.04E-05,1.858591826,0.001004483,0.992316241,24.71992244,1.744533272,99.19895075,125.6634065,42.41610308,44.21314482,54.20610526,0.007655694,7.040845068,0.045608713,0.969976905,0.853889943,0.56812933,0.388235294,0.000272797,0.000118604,0.042557575,0.014314079,0.000161039,0.766981695,0.17969987,FALSE,FALSE,"[61, 61, 4]",8,FALSE
NPB_2.3-OpenACC-C: bt.c_compute_rhs_line2053_0,rhs2053,ORIG,1,10000,0,1778,YMM=96.3%,0.00240997,0.012242463,5.079924151,0.002372958,0.976281533,26.35172188,0.985323642,321.4581594,348.7952049,85.64731525,17.49259347,25.51134264,17.64159392,9.295898266,0.04949772,0.976076555,0.882932679,0.345773525,0.214311529,0.276837364,5.06E-05,0.197797144,0.026703418,0.000181869,0.077167463,0.434779011,FALSE,TRUE,"[61, 61, 61]",96,FALSE
NPB_2.3-OpenACC-C: bt.c_compute_rhs_line2110_0,rhs2110,ORIG,1,10000,0,160000,SC=100.0%,3.14E-05,0.00015496,4.938229247,0.015998479,0.984818435,38.21997676,4.409997318,53.89996722,96.5299413,24.4999851,47.18673383,47.25966147,0.008107049,3.674997765,0.122499926,0,0,0.545454545,0.375,6.18E-05,0.000151957,0.053238468,0.544243993,0.000163366,0.095518158,0.322803858,FALSE,FALSE,"[61, 61, 4]",6,FALSE
NPB_2.3-OpenACC-C: bt.c_compute_rhs_line2160_0,rhs2160,ORIG,1,10000,0,160000,SC=100.0%,3.14E-05,0.000154996,4.930300927,0.015967525,0.984731911,38.14962425,4.401879722,53.80075215,96.35225613,24.45488734,47.09906338,47.16377531,0.007570091,3.668233101,0.122274437,0,0,0.545454545,0.375,9.46E-05,0.000147957,0.054087543,0.542462312,0.000192893,0.09480197,0.322335361,FALSE,FALSE,"[61, 61, 4]",6,FALSE
NPB_2.3-OpenACC-C: bt.c_exact_rhs_line634_0,rhs634,ORIG,1,10000,0,5334,SC=100.0%,0.000905681,0.002852656,3.149736152,0.001002752,0.996808127,11.0012788,2.597524162,97.78914491,111.3879479,31.91729035,26.10926149,32.47551799,16.95539092,0,0.067909128,0.85106383,0.720588235,0,0,0.004680536,0.000214559,0.775415565,2.84E-05,0.007049743,5.59E-05,0.200171333,FALSE,FALSE,"[61, 61, 61, 4]",1,FALSE
NPB_2.3-OpenACC-C: bt.c_lhsy_line1191_0,lhs1191,ORIG,1,10000,0,534,SC=100.0%,0.008768143,0.03355117,3.826485175,0.000979295,0.976929308,16.83476151,1.346780921,64.19655722,82.37809964,18.85493289,25.50973063,32.62728735,24.10094984,1.739592022,0.042086904,0.205479452,0.123966942,0.109589041,0.066666667,6.51E-05,0.696444984,0.041880337,2.75E-05,0.000157601,4.14E-06,0.257829681,FALSE,TRUE,"[61, 63, 61]",112,FALSE
NPB_2.3-OpenACC-C: bt.c_lhsy_line1293_0,lhs1293,ORIG,1,10000,0,198,YMM=28.6%,0.019702705,0.044762765,2.271909664,0.002416461,0.982081844,16.06376336,0.290308976,41.51418362,57.86825596,19.74101039,26.98112427,27.43401673,19.93293946,2.358760433,0.012096207,0.30075188,0.093567251,0.275689223,0.161654135,0.000264676,0.612450594,0.214226121,0.029080884,0.000570594,0.022588458,0.147933347,FALSE,TRUE,"[61, 61, 61]",267,FALSE
NPB_2.3-OpenACC-C: bt.c_lhsz_line1485_0,lhs1485,ORIG,1,10000,0,534,SC=100.0%,0.008478908,0.033548956,3.956754235,0.001474931,0.974832586,17.64115433,1.39272271,65.69008783,84.72396487,19.73023839,26.1010256,33.09812315,24.50321054,1.798933501,0.043522585,0.204081633,0.125,0.108843537,0.066115702,6.85E-05,0.681731493,0.043651662,3.08E-05,0.000165886,6.17E-06,0.266624843,FALSE,TRUE,"[61, 61, 63]",113,FALSE
NPB_2.3-OpenACC-C: bt.c_lhsz_line1586_0,lhs1586,ORIG,1,10000,0,209,YMM=28.6%,0.018609166,0.044592122,2.396245119,0.002208252,0.982418061,17.00772575,0.307368538,43.95370088,61.26879517,20.90106056,20.86153313,29.23428185,20.9554525,2.497369368,0.012807022,0.30075188,0.093567251,0.275689223,0.161654135,0.000739515,0.694382785,0.118111111,0.036615612,0.001416379,0.003472174,0.156697475,FALSE,TRUE,"[61, 61, 61]",267,FALSE
NPB_2.3-OpenACC-C: bt.c_x_solve_cell_line2730_0,cll2730,ORIG,1,10000,0,22858,YMM=37.4%,0.000196589,0.00159313,8.103845686,0.001327274,0.94754883,42.86114414,2.659268067,156.2711058,201.791518,50.83894834,19.95856007,22.73490603,0.008092797,7.273880301,0.039106883,0.341463415,0.112021858,0.444763271,0.256594724,0.000143959,0.065106619,0.381808958,0.002373354,0.000270908,0.015273088,0.545646717,,,"[61, 61]",0,TRUE
NPB_2.3-OpenACC-C: bt.c_y_solve_cell_line2884_0,cll2884,ORIG,1,10000,0,20000,YMM=37.4%,0.000200525,0.001593557,7.946930518,0.005695626,0.947597096,42.01996757,2.60707828,153.2041883,197.8312342,49.84120241,21.06787601,25.72507649,0.009375041,7.131125883,0.038339386,0.341463415,0.112021858,0.444763271,0.256594724,0.00044046,0.067879413,0.381755934,0.002102409,0.000522696,0.02301654,0.535187614,,,"[61, 61]",0,TRUE
NPB_2.3-OpenACC-C: bt.c_z_solve_cell_line3044_0,cll3044,ORIG,1,10000,0,20000,YMM=37.5%,0.000214706,0.001631697,7.59967822,0.006660038,0.928747577,40.67685072,2.291653562,143.0851193,186.0536235,46.54921297,21.84870297,21.79015452,0.008111285,6.660118163,0.026855315,0.341463415,0.112021858,0.444763271,0.256594724,0.003290304,0.114637356,0.343642548,0.006557149,0.004206863,0.028316099,0.511702627,,,"[61, 61]",0,TRUE
NPB_2.3-OpenACC-C: cg.c_conj_grad_line373_0,grd373,ORIG,1,10000,0,160000,SC=100.0%,2.87E-05,2.74E-05,0.952329894,0.001534184,0.999666332,12.92781054,0.253846687,23.37393571,36.55559294,23.38228593,42.9325107,45.39569655,0.007107103,0,8.70E-05,0.999642883,0.994331066,0,0,5.21E-05,0.93198255,0.000440207,8.72E-06,0.000148034,2.36E-06,0.063849092,FALSE,TRUE,[14000],0,FALSE
NPB_2.3-OpenACC-C: cg.c_conj_grad_line387_0,grd387,ORIG,1,10000,0,2666667,YMM=100.0%,1.51E-06,1.32E-05,8.75705037,0.001142132,0.99943713,51.04179151,4.660360485,518.4055931,574.1077451,74.05794188,74.42647035,0.003591963,0.006902732,18.51448547,0,0.999714286,0.995459705,0,0,0.02050842,2.12E-05,0.424453352,2.91E-06,0.000148356,2.12E-06,0.548241436,TRUE,TRUE,[13999],2,FALSE
NPB_2.3-OpenACC-C: cg.c_conj_grad_line549_0,grd549,ORIG,1,10000,0,1600000,YMM=100.0%,3.27E-06,1.50E-05,4.594951203,0.001160901,0.999525498,40.78525321,2.157418678,274.3080711,317.2507429,68.56722245,68.79040007,27.40924064,0.006859608,12.85635421,0,0.999714286,0.995459705,0.199771429,0.110864464,0.048697386,1.67E-05,0.282291674,4.05E-06,0.000213372,0.357325384,0.362546707,TRUE,TRUE,[13999],3,FALSE
NPB_2.3-OpenACC-C: cg.c_main_line215_0,npb215,ORIG,1,10000,0,1600000,YMM=100.0%,3.18E-06,1.68E-05,5.273632314,0.001162491,0.999527824,24.29714806,2.21614944,352.2495328,378.7628303,70.43380741,70.65686719,31.73326605,0.007095171,17.60845185,0,0.999714286,0.995459705,0.332952381,0.199520603,0.050097965,0.000136835,0.419241744,4.41E-06,0.000185584,0.105919845,0.335505492,TRUE,TRUE,[13999],4,FALSE
NPB_2.3-OpenACC-C: cg.c_main_line227_0,npb227,ORIG,1,10000,0,1600000,YMM=100.0%,4.33E-06,9.72E-06,2.24394468,0.001171192,0.999644446,17.83133008,1.626400435,77.53554856,96.99327907,51.6903657,77.7801616,19.74515093,0.006852923,3.230647856,0,0.999714286,0.995459705,0,0,5.14E-05,0.829112568,0.006530053,6.13E-06,0.000136675,1.76E-06,0.136788,FALSE,FALSE,[13999],1,FALSE
NPB_2.3-OpenACC-C: cg.c_main_line271_0,npb271,ORIG,1,10000,0,1600000,YMM=100.0%,3.13E-06,1.68E-05,5.356173323,0.001163162,0.999536797,24.68301362,2.251344342,357.8436445,384.7780025,71.55237408,71.77637725,27.39763858,0.006864313,17.88809352,0,0.999714286,0.995459705,0.332952381,0.199520603,0.049132015,0.000124841,0.451313157,4.97E-06,0.000177053,0.119663515,0.340711202,TRUE,TRUE,[13999],4,FALSE
NPB_2.3-OpenACC-C: cg.c_main_line290_0,npb290,ORIG,1,10000,0,1600000,YMM=100.0%,4.35E-06,9.72E-06,2.233171292,0.001169555,0.99961112,17.7457202,1.618591934,77.16329313,96.52760526,51.44219542,77.40336315,23.30233174,0.006703288,3.215137214,0,0.999714286,0.995459705,0,0,4.78E-05,0.7490581,0.005917813,4.14E-06,0.000133497,2.01E-06,0.136131268,FALSE,FALSE,[13999],1,FALSE
NPB_2.3-OpenACC-C: cg.c_sparse_line757_0,spr757,ORIG,1,10000,0,1600000,SC=100.0%,4.40E-06,8.00E-06,1.819701889,0.00116441,0.998658053,23.97716314,1.622733651,38.18154021,63.78143699,38.2033707,76.54403479,0.00354809,0.006851889,0,0.000909604,0.999428571,0.990950226,0,0,4.74E-05,0.889225737,0.000185797,3.52E-06,0.000135765,1.37E-06,0.108046213,FALSE,FALSE,[13999],0,TRUE
NPB_2.3-OpenACC-C: convect.c_convect_line243_0,cnv243,ORIG,1,10000,0,53334,YMM=100.0%,9.34E-05,0.000107162,1.147331549,0.00041308,0.999866059,9.606795231,0.45746644,29.27785213,39.3421138,21.9583891,21.99535027,22.32496162,0.007313673,0.914932879,0,1,1,0,0,5.45E-05,0.000129745,0.87474538,1.03E-05,0.000148694,2.34E-06,0.119775841,FALSE,FALSE,[85455],1,FALSE
NPB_2.3-OpenACC-C: diffuse.c_diffusion_line153_0,dff153,ORIG,1,10000,0,80000,YMM=100.0%,5.64E-05,0.000139185,2.468371618,0.000322713,0.999919093,20.45941525,0.75775612,84.86868547,106.0858568,48.4963917,48.68637025,52.49878254,0.007739836,4.546536722,0,1,1,0.285714286,0.166666667,5.43E-05,0.000168445,0.00042134,0.751578263,0.000107752,0.00217519,0.160067203,TRUE,TRUE,[85455],3,FALSE
NPB_2.3-OpenACC-C: diffuse.c_diffusion_line75_0,dff75,ORIG,1,10000,0,80000,YMM=100.0%,5.61E-05,0.000144453,2.574069873,0.000334575,0.999908992,15.9891348,0.761387371,109.6397815,126.3903036,36.54659382,48.93667305,52.80086015,0.007648173,4.568324228,0,1,1,0.166666667,0.090909091,0.000286673,0.000117112,0.003181133,0.789072548,0.000571977,0.000118546,0.167196551,TRUE,TRUE,[85455],3,FALSE
NPB_2.3-OpenACC-C: diffuse.c_laplacian_line190_0,lpl190,ORIG,1,10000,0,32000000,YMM=76.2%,1.30E-07,1.74E-06,13.37101187,0.006338196,0.936002127,92.0307391,11.50384239,191.7307064,295.2652879,84.36151084,0.003505696,0.002769048,0.006838939,9.586535322,0.479326766,0.761904762,0.285714286,0.476190476,0.285714286,4.74E-05,1.68E-05,0.000178814,3.03E-06,0.000139943,1.45E-06,0.71251276,TRUE,TRUE,"[4, 4, 4, 4]",2,FALSE
NPB_2.3-OpenACC-C: diffuse.c_laplacian_line201_0,lpl201,ORIG,1,10000,0,32000000,YMM=76.2%,1.29E-07,1.69E-06,13.08002213,0.006337318,0.947237176,92.67642309,11.58455289,193.0758814,297.3368574,84.95338783,0.004871351,0.003937247,0.006867341,9.653794072,0.482689704,0.761904762,0.285714286,0.476190476,0.285714286,9.00E-05,0.000144299,0.000200329,9.08E-07,0.000178812,1.99E-06,0.717831991,TRUE,TRUE,"[4, 4, 4, 4]",2,FALSE
NPB_2.3-OpenACC-C: ft.c_compute_indexmap_line422_0,ndx422,ORIG,1,10000,0,16000,SC=100.0%,0.00029957,0.000996694,3.327079899,4.03E-05,0.999920138,14.76662742,4.429988227,23.62660388,42.82321952,5.906650969,11.85532044,11.85425284,0.007584683,0.738331371,0.184582843,0,0,0,0,4.99E-05,0.000234988,0.79863856,1.07E-05,9.51E-05,6.56E-06,0.199624706,TRUE,TRUE,[221182],1,FALSE
NPB_2.3-OpenACC-C: lu.c_erhs_line724_0,rhs724,ORIG,1,10000,0,2688,YMM=95.5%,0.001489741,0.004272193,2.867741687,0.00120998,0.99806537,4.993382722,1.451033234,208.2682916,214.7127076,13.21120737,20.52633082,29.34968167,20.65486859,3.137661749,0.042724199,0.967741935,0.881516588,0.275862069,0.16,0.001593327,0.000455804,0.794388491,3.88E-05,0.000290214,9.82E-06,0.190741885,FALSE,TRUE,"[63, 61, 61]",18,FALSE
NPB_2.3-OpenACC-C: lu.c_erhs_line861_0,rhs861,ORIG,1,10000,0,2729,YMM=95.5%,0.00146469,0.004271985,2.916648415,0.001166915,0.99774312,5.078557682,1.475785449,211.83041,218.3847531,13.43716535,20.86554229,29.84429122,21.02740148,3.191326772,0.043451519,0.967741935,0.8815427,0.275862069,0.16,0.001481079,0.000447351,0.79125617,3.91E-05,0.000298483,1.07E-05,0.193974835,FALSE,TRUE,"[61, 63, 61]",18,FALSE
NPB_2.3-OpenACC-C: lu.c_jacld_line1181_0,jcl1181,ORIG,1,10000,0,16000,SC=100.0%,0.000307801,0.001713025,5.565373477,0.00457317,0.969618966,24.67749013,0.399635468,98.61005164,123.6871772,26.77557633,25.08622074,26.41241157,0.009940133,3.784048334,0.024977217,0.084063047,0.071942446,0.255691769,0.154334038,0.000382528,0.568522639,0.062948643,4.89E-05,0.000156717,0.000508406,0.374818922,FALSE,TRUE,"[61, 61]",868,FALSE
NPB_2.3-OpenACC-C: lu.c_l2norm_line1921_0,l2n1921,ORIG,1,10000,0,16000,YMM=95.5%,0.000378374,0.002164247,5.719866502,0.00087028,0.989715145,9.671622284,5.526641305,374.6737708,389.8720344,25.19498242,26.34210259,32.58766469,1.806494271,6.298745605,0.08635377,0.967741935,0.882352941,0.666666667,0.5,0.024155488,0.000124361,0.588798356,8.94E-06,0.000215318,6.44E-06,0.347450632,TRUE,TRUE,"[61, 61, 61]",10,FALSE
NPB_2.3-OpenACC-C: lu.c_pintgr_line1988_0,pnt1988,ORIG,1,10000,0,2285715,SC=100.0%,1.87E-06,3.78E-06,2.022808347,0.000414968,0.987653774,15.25059871,1.55330172,36.14956731,52.95346774,37.27924129,75.07979206,0.002997499,0.006871445,0,0.017651156,0.96969697,0.888888889,0,0,5.02E-05,0.863965881,0.000189338,2.79E-06,0.000143591,2.11E-06,0.133576315,FALSE,FALSE,"[65, 65]",0,TRUE
NPB_2.3-OpenACC-C: lu.c_pintgr_line2019_0,pnt2019,ORIG,1,10000,0,1777778,YMM=100.0%,2.33E-06,1.54E-05,6.627182363,0.00140458,0.969365301,59.09689478,1.25738074,271.5942398,331.9485154,100.5904592,28.63216621,0.002969292,0.006864152,12.5738074,0,1,1,0,0,0.047485663,1.79E-05,0.148370927,0.21245784,0.005485323,0.010544752,0.472579754,TRUE,TRUE,"[60, 59]",8,FALSE
NPB_2.3-OpenACC-C: lu.c_pintgr_line2037_0,pnt2037,ORIG,1,10000,0,2285715,SC=100.0%,1.87E-06,3.78E-06,2.022848133,0.000407944,0.987654361,15.25161734,1.553405469,36.15198183,52.95700464,37.28173126,75.08479348,0.002893979,0.00687317,0,0.017652335,0.96969697,0.888888889,0,0,4.97E-05,0.864031221,0.000189586,2.94E-06,0.000143774,2.23E-06,0.133585237,FALSE,FALSE,"[65, 65]",0,TRUE
NPB_2.3-OpenACC-C: lu.c_pintgr_line2073_0,pnt2073,ORIG,1,10000,0,1777778,YMM=100.0%,2.35E-06,1.55E-05,6.579287197,0.001405366,0.966420892,58.44248591,1.243457147,268.5867437,328.2726868,99.47657176,28.28111605,0.002903915,0.00689111,12.43457147,0,1,1,0,0,0.044188938,1.67E-05,0.139412551,0.220440167,0.006007956,0.01161641,0.467346647,TRUE,TRUE,"[60, 59]",8,FALSE
NPB_2.3-OpenACC-C: lu.c_pintgr_line2092_0,pnt2092,ORIG,1,10000,0,2285715,SC=100.0%,1.87E-06,3.78E-06,2.022928873,0.000411801,0.987656524,15.25219947,1.553464761,36.15336171,52.95902594,37.28315426,75.08766378,0.002975196,0.006853932,0,0.017653009,0.96969697,0.888888889,0,0,5.20E-05,0.864034619,0.000188539,2.97E-06,0.000144168,2.16E-06,0.133590336,FALSE,FALSE,"[65, 65]",0,TRUE
NPB_2.3-OpenACC-C: lu.c_pintgr_line2128_0,pnt2128,ORIG,1,10000,0,1777778,YMM=100.0%,2.31E-06,1.52E-05,6.592029916,0.001428431,0.96641203,58.55194212,1.245786003,269.0897766,328.8875047,99.66288021,28.29618342,0.003011066,0.006881094,12.45786003,0,1,1,0,0,0.042736352,1.74E-05,0.141243934,0.219334935,0.000261336,0.01616319,0.468221935,TRUE,TRUE,"[59, 59]",8,FALSE
NPB_2.3-OpenACC-C: lu.c_rhs_line2259_0,rhs2259,ORIG,1,10000,0,3200,SC=100.0%,0.001452685,0.002848758,1.961029324,0.000714679,0.997002404,10.10546851,3.248186307,28.87276718,42.226422,21.65457538,22.11460229,32.19395643,22.0649729,0,0.090227397,1,0.9375,0,0,5.82E-05,0.481370481,0.276407974,0.101047613,0.000136452,0.081689691,0.121928915,FALSE,FALSE,"[63, 63, 63, 4]",1,FALSE
NPB_2.3-OpenACC-C: lu.c_rhs_line2277_0,rhs2277,ORIG,1,10000,0,2750,YMM=95.5%,0.001458396,0.004270053,2.927911234,0.001203974,0.997799685,5.100706898,1.482220698,212.7446604,219.327588,13.49515955,20.96351069,29.97542255,21.08277945,3.205100394,0.043642482,0.967741935,0.881516588,0.275862069,0.16,0.001557209,0.000409273,0.783760855,2.83E-05,0.000187664,5.06E-06,0.194722695,FALSE,TRUE,"[63, 61, 61]",18,FALSE
NPB_2.3-OpenACC-C: lu.c_rhs_line2418_0,rhs2418,ORIG,1,10000,0,3200,YMM=95.5%,0.001482316,0.004271162,2.881411576,0.00116164,0.997614079,5.018169816,1.458237251,209.3115872,215.7879943,13.27738736,20.61858475,29.43917547,20.77637873,3.153379499,0.042934848,0.967741935,0.8815427,0.275862069,0.16,0.001447109,0.000417362,0.794148111,3.61E-05,0.000237091,8.06E-06,0.191666324,FALSE,TRUE,"[61, 63, 61]",18,FALSE
NPB_2.3-OpenACC-C: lu.c_ssor_line2976_0,ssr2976,ORIG,1,10000,0,32000,SC=100.0%,0.000129624,0.000361347,2.787655433,0.002747097,0.967496432,17.69548731,6.951798586,20.22341407,44.87069996,25.27926758,50.82723457,52.00225436,0.008506838,0,0.078997711,0.8,0.5,0,0,6.75E-05,0.821204694,0.000236494,9.87E-06,0.000163454,3.02E-06,0.160130496,FALSE,FALSE,"[63, 63, 4, 4]",0,TRUE
NPB_2.3-OpenACC-C: lu.c_ssor_line3018_0,ssr3018,ORIG,1,10000,0,16000,YMM=92.0%,0.000475438,0.001175271,2.471972154,0.000860595,0.984226453,19.98653492,4.948122722,60.15364878,85.08830642,40.10243252,41.42773921,44.84019072,5.672774195,2.506402033,0.129362686,0.967741935,0.802139037,0,0,0.000113994,0.224972789,0.544899013,2.44E-05,0.000173197,0.081660742,0.179184801,FALSE,FALSE,"[61, 61, 61, 4]",1,FALSE
NPB_2.3-OpenACC-C: lu.c_ssor_line3067_0,ssr3067,ORIG,1,10000,0,3200,SC=100.0%,0.001372834,0.004820017,3.510998452,0.015876211,1.002936445,23.61000328,6.249706752,34.72059307,64.5803031,20.83235584,21.65031996,31.75657442,21.69922628,1.736029653,0.086801483,0,0,0.4,0.25,0.000124325,0.023983402,0.25106368,0.144503225,0.000266578,0.416738173,0.222969104,FALSE,FALSE,"[61, 61, 61, 4]",2,FALSE
NPB_2.3-OpenACC-C: precond.c_setuppc_line87_0,stp87,ORIG,1,10000,0,26667,YMM=97.0%,0.000162932,7.54E-05,0.462732742,0.000586576,0.999674256,3.933659366,0.262243958,12.58770997,16.7836133,8.391806648,8.434895848,8.411036551,0.007108007,0.524487916,0.016390247,1,1,0,0,5.89E-05,0.000127148,0.940738181,1.17E-05,0.000145793,2.87E-06,0.055372457,FALSE,FALSE,[85455],1,FALSE
NPB_2.3-OpenACC-C: sp.c_add_line174_0,add174,ORIG,1,10000,0,3200,YMM=96.8%,0.001406035,0.002395981,1.704068381,0.001280656,0.966654349,16.40356918,0.874857023,27.12056771,44.39899391,20.34042578,21.58509348,31.53198645,21.91257885,0.847517741,0,0.967741935,0.75,0,0,0.144249562,0.000213922,0.022805987,0.060749418,0.346200131,0.433557357,0.088702548,FALSE,FALSE,"[4, 61, 61, 61]",1,FALSE
NPB_2.3-OpenACC-C: sp.c_compute_rhs_line1327_0,rhs1327,ORIG,1,10000,0,800,YMM=96.8%,0.006332925,0.007732182,1.22094939,0.00226212,0.987907638,11.13001695,0.165766043,67.68141784,78.97720083,15.9370364,15.82051039,13.39859207,6.820828898,3.537517068,1.47E-05,0.96816685,0.882867571,0.475960483,0.311777077,0.050766547,4.42E-05,0.06322586,0.798366971,0.000144353,0.010432627,0.091464048,FALSE,TRUE,"[61, 61, 61]",96,FALSE
NPB_2.3-OpenACC-C: sp.c_compute_rhs_line1387_0,rhs1387,ORIG,1,10000,0,266667,YMM=96.8%,1.69E-05,5.41E-05,3.196586778,0.001430558,0.97476184,35.45885838,1.172193665,99.92950998,136.560562,45.42250453,48.2468324,53.6058946,0.007366215,6.81337568,0,0.967741935,0.75,0.545454545,0.375,0.000176556,4.15E-05,0.018479396,0.487664246,0.000173387,0.247332071,0.217806255,FALSE,FALSE,"[4, 61, 61]",6,FALSE
NPB_2.3-OpenACC-C: sp.c_compute_rhs_line1398_0,rhs1398,ORIG,1,10000,0,200000,YMM=96.8%,2.04E-05,6.19E-05,3.039375342,0.001447695,0.971209601,35.0851777,0.974588269,105.7428272,141.8025932,45.31835453,48.12624578,54.28054693,0.007576862,7.553059088,0,0.967741935,0.75,0.566820276,0.38372093,0.000926465,0.000107313,0.061179779,0.427182452,0.000303028,0.247629709,0.224303466,FALSE,FALSE,"[4, 61, 61]",8,FALSE
NPB_2.3-OpenACC-C: sp.c_compute_rhs_line1409_0,rhs1409,ORIG,1,10000,0,2667,XMM=9.7%;YMM=90.3%,0.001563176,0.004092913,2.618331121,0.001156748,0.981697261,32.39025482,0.920177694,91.28162722,124.5920597,39.93571191,42.4964488,27.10291909,18.78235791,6.418239414,0,1,1,0.5,0.333333333,7.17E-05,8.23E-05,0.037830805,0.621667076,0.000184166,0.100265173,0.20672911,FALSE,FALSE,"[4, 57, 61, 61]",9,FALSE
NPB_2.3-OpenACC-C: sp.c_compute_rhs_line1424_0,rhs1424,ORIG,1,10000,0,200000,YMM=97.2%,2.04E-05,6.25E-05,3.069879046,0.001452424,0.971169495,35.07166719,0.974212977,105.9456613,141.9915415,45.30090345,48.09195411,54.31926609,0.007228582,7.51970642,0,0.969976905,0.75,0.56812933,0.388235294,0.000164858,0.000150979,0.055683723,0.42665872,0.000206575,0.255974487,0.22227125,FALSE,FALSE,"[4, 61, 61]",8,FALSE
NPB_2.3-OpenACC-C: sp.c_compute_rhs_line1436_0,rhs1436,ORIG,1,10000,0,266667,YMM=96.8%,1.69E-05,5.41E-05,3.199111787,0.001426977,0.974546841,35.47304659,1.172662697,99.96949492,136.6152042,45.44067951,48.2412032,53.6165511,0.007104159,6.816101927,0,0.967741935,0.75,0.545454545,0.375,9.26E-05,0.00014365,0.017991352,0.488088491,0.000118031,0.246566053,0.217978036,FALSE,FALSE,"[4, 61, 61]",6,FALSE
NPB_2.3-OpenACC-C: sp.c_compute_rhs_line1452_0,rhs1452,ORIG,1,10000,0,2000,YMM=96.8%,0.002147835,0.007654409,3.563779579,0.002693158,0.976363624,31.74321179,0.245363402,201.2778916,233.2664668,48.70873433,27.79322725,30.18666607,20.23171877,10.43042709,4.33E-05,0.968580715,0.882867571,0.469772481,0.306935818,0.05132277,5.38E-05,0.129746903,0.534586609,0.000156939,0.020426849,0.267627498,FALSE,TRUE,"[61, 61, 61]",96,FALSE
NPB_2.3-OpenACC-C: sp.c_compute_rhs_line1508_0,rhs1508,ORIG,1,10000,0,200000,YMM=96.8%,2.08E-05,4.67E-05,2.241812175,0.001448478,0.971332841,23.0904833,0.952184878,81.17376087,105.216429,36.89716403,40.30731766,58.07512634,0.007638442,5.534574605,0,0.967741935,0.75,0.545454545,0.375,0.004551408,0.000157305,0.042517572,0.000770577,0.003185612,0.773918025,0.152866816,FALSE,FALSE,"[4, 61, 61]",6,FALSE
NPB_2.3-OpenACC-C: sp.c_compute_rhs_line1520_0,rhs1520,ORIG,1,10000,0,160000,YMM=96.8%,2.52E-05,5.29E-05,2.099968891,0.001457718,0.963809674,22.43020473,0.787024727,85.39218293,108.6094124,36.59664983,39.84279237,57.34693567,0.007793037,6.099441638,0,0.967741935,0.75,0.566820276,0.38372093,0.014771765,0.000146365,0.060447745,0.002634321,0.007981555,0.749662169,0.156279926,FALSE,FALSE,"[4, 61, 61]",8,FALSE
NPB_2.3-OpenACC-C: sp.c_compute_rhs_line1531_0,rhs1531,ORIG,1,10000,0,3200,XMM=9.7%;YMM=90.3%,0.001381603,0.00360695,2.610699865,0.001194935,0.976486533,30.8168491,1.041109767,103.2780889,135.1360477,45.18416388,21.05980676,30.74234031,21.38160443,7.261740623,0,1,1,0.5,0.333333333,0.013491938,6.97E-05,0.047704634,0.612295647,0.000868366,0.090121064,0.209277132,FALSE,FALSE,"[4, 61, 57, 61]",9,FALSE
NPB_2.3-OpenACC-C: sp.c_compute_rhs_line1546_0,rhs1546,ORIG,1,10000,0,160000,YMM=97.2%,2.52E-05,5.36E-05,2.125909144,0.001463239,0.963288193,22.44524382,0.787552415,85.64632511,108.8791213,36.62118729,39.81911223,56.95079661,0.007788673,6.078920202,0,0.969976905,0.75,0.56812933,0.388235294,0.009747603,0.000146985,0.050774333,0.003239077,0.004720399,0.759522783,0.154720266,FALSE,FALSE,"[4, 61, 61]",8,FALSE
NPB_2.3-OpenACC-C: sp.c_compute_rhs_line1558_0,rhs1558,ORIG,1,10000,0,200000,YMM=96.8%,2.09E-05,4.67E-05,2.238033238,0.001447987,0.971268275,23.06466332,0.951120137,81.08299166,105.0987751,36.8559053,40.3326402,57.73737019,0.008310264,5.528385795,0,0.967741935,0.75,0.545454545,0.375,0.006077561,5.00E-05,0.04162211,0.00108884,0.003506131,0.773038957,0.152629076,FALSE,FALSE,"[4, 61, 61]",6,FALSE
NPB_2.3-OpenACC-C: sp.c_compute_rhs_line1573_0,rhs1573,ORIG,1,10000,0,2000,YMM=96.5%,0.002032412,0.007003841,3.446072752,0.001586179,0.981303717,21.32025516,0.94067127,188.1967296,210.457656,54.19847929,21.50640597,31.97878414,21.20279262,11.02277838,0.028415984,0.969181722,0.882867571,0.460786397,0.299949418,0.025797741,0.000100756,0.076861163,0.557257728,0.000222919,0.136065859,0.229774014,FALSE,TRUE,"[61, 61, 61]",96,FALSE
NPB_2.3-OpenACC-C: sp.c_compute_rhs_line1630_0,rhs1630,ORIG,1,10000,0,53334,XMM=94.8%,8.06E-05,0.000172373,2.137363321,0.001619903,0.96925092,15.86757078,1.230044246,36.22480305,53.32241808,9.532842909,50.22836478,49.83298157,0.010640768,1.429926436,0.07879971,0.545454545,0.230769231,0.545454545,0.230769231,0.005174782,0.000158477,0.079705316,0.038678784,0.010674723,0.781896948,0.130441923,FALSE,FALSE,"[4, 61, 61]",6,FALSE
NPB_2.3-OpenACC-C: sp.c_compute_rhs_line1642_0,rhs1642,ORIG,1,10000,0,53334,YMM=93.8%,8.60E-05,0.000159873,1.859614872,0.001196056,0.98692191,11.19262001,1.961593198,64.84796337,78.00217658,10.73106867,49.42659728,48.93635042,0.010897866,1.788511445,0.057693918,0.829493088,0.610859729,0.566820276,0.251908397,0.001094794,0.000164598,0.864366101,7.05E-06,0.001048378,0.001973398,0.123822589,FALSE,FALSE,"[4, 61, 61]",8,FALSE
NPB_2.3-OpenACC-C: sp.c_compute_rhs_line1653_0,rhs1653,ORIG,1,10000,0,3200,XMM=3.4%;YMM=95.1%,0.001399312,0.004165466,2.976796655,0.001273391,0.9696865,17.14168619,3.571184624,111.201195,131.9140659,41.53562424,21.67453805,31.89903374,21.98650689,7.169839898,0.109882604,1,1,0.515555556,0.346820809,0.000112911,7.69E-05,0.04589336,0.61423873,0.000258064,0.17770961,0.156905009,FALSE,FALSE,"[4, 61, 61, 57]",9,FALSE
NPB_2.3-OpenACC-C: sp.c_compute_rhs_line1668_0,rhs1668,ORIG,1,10000,0,53334,YMM=94.1%,8.57E-05,0.000160076,1.866781111,0.001254972,0.988510452,11.22151081,1.966656534,65.07319415,78.2613615,10.7587681,49.689426,49.029066,0.011744125,1.785897662,0.057842839,0.831408776,0.610859729,0.56812933,0.253846154,0.000843035,0.000107714,0.866948377,9.27E-06,0.000793915,5.83E-05,0.123599986,FALSE,FALSE,"[4, 61, 61]",8,FALSE
NPB_2.3-OpenACC-C: sp.c_compute_rhs_line1680_0,rhs1680,ORIG,1,10000,0,53334,XMM=94.8%,8.06E-05,0.00017227,2.136875242,0.001637541,0.969226737,15.87342498,1.230498061,36.23816789,53.34209093,9.536359971,50.52350715,49.85296298,0.011730609,1.430453996,0.078828782,0.545454545,0.230769231,0.545454545,0.230769231,0.004820216,6.89E-05,0.104017618,0.037143062,0.010903314,0.772402547,0.130428637,FALSE,FALSE,"[4, 61, 61]",6,FALSE
NPB_2.3-OpenACC-C: sp.c_compute_rhs_line1691_0,rhs1691,ORIG,1,10000,0,8000,YMM=96.8%,0.000540279,0.001968405,3.643308976,0.001204191,0.944816283,29.59772325,2.276747942,52.93438966,84.80886086,35.28959311,37.48934089,41.61024975,9.179228429,2.205599569,0,0.967741935,0.75,0,0,0.184132759,0.008587416,0.263503577,3.87E-05,0.390450735,0.011082609,0.175467272,FALSE,FALSE,"[4, 61, 61, 61]",1,FALSE
NPB_2.3-OpenACC-C: sp.c_exact_rhs_line601_0,rhs601,ORIG,1,10000,0,8000,,0.000526591,0.002275909,4.32197118,0.001206265,0.960068612,30.36712017,2.335932321,73.58186811,106.2849206,54.89440955,38.45353258,42.32687072,8.394219515,0,0,0.978723404,0.833333333,0,0,0.108755011,0.007991572,0.198723129,0.305165883,0.174393131,0.117079927,0.180028568,FALSE,FALSE,"[4, 61, 61, 61]",1,FALSE
NPB_2.3-OpenACC-C: sp.c_initialize_line635_0,ntl635,ORIG,1,10000,0,8000,,0.000594602,0.000596407,1.003035918,0.003677617,0.982152708,13.22619322,0,17.6349243,30.86111752,17.6349243,36.29828,42.17627784,11.09520661,0,0,1,1,0,0,6.23E-05,0.930540144,0.000362619,3.76E-05,0.000144773,6.07E-06,0.063301037,FALSE,FALSE,"[63, 63, 63]",0,TRUE
NPB_2.3-OpenACC-C: sp.c_lhsx_line885_0,lhs885,ORIG,1,10000,0,800000,XMM=9.7%;YMM=90.3%,6.29E-06,2.51E-05,3.984227183,0.001083396,0.989960355,47.62747083,0.788534285,132.0006394,180.4166445,68.44477596,72.46375133,0.470719175,0.006920297,4.277798498,0,1,1,0,0,0.001155147,0.656272903,0.039692718,3.48E-06,0.000536606,0.000925575,0.283829702,FALSE,FALSE,"[61, 61]",7,FALSE
NPB_2.3-OpenACC-C: sp.c_lhsx_line898_0,lhs898,ORIG,1,10000,0,16000,YMM=95.2%,0.00042517,0.001388894,3.266676946,0.000888509,0.984060082,37.60333648,1.201006248,79.7062175,118.5105602,41.95064079,44.56767488,47.84802457,3.795535243,2.621915049,0,0.951612903,0.830985915,0,0,0.107987386,0.068489982,0.01941161,0.376447742,0.239785147,0.000497441,0.214639242,FALSE,FALSE,"[57, 61, 61]",5,FALSE
NPB_2.3-OpenACC-C: sp.c_lhsx_line912_0,lhs912,ORIG,1,10000,0,800000,XMM=9.7%;YMM=90.3%,6.31E-06,2.51E-05,3.970752079,0.001088807,0.989770464,47.48036745,0.786098799,131.5929389,179.8594052,68.23337574,72.23696506,0.120565312,0.006886439,4.264585984,0,1,1,0,0,0.000516092,0.660816958,0.0356772,8.32E-06,0.000403537,0.001516586,0.282836223,FALSE,FALSE,"[61, 61]",7,FALSE
NPB_2.3-OpenACC-C: sp.c_lhsx_line930_0,lhs930,ORIG,1,10000,0,1778,XMM=9.5%;YMM=89.1%,0.002272053,0.002393055,1.053256651,0.001694818,0.948963569,8.648796949,0.419581699,31.80699973,40.87537838,15.02373179,24.14657143,33.95004568,23.36190835,0.839163397,0.011843032,1,1,0.308841843,0.18328841,6.41E-05,0.782234538,0.002269687,0.193684326,0.000206227,0.000360005,0.064930908,FALSE,FALSE,"[61, 61, 61]",8,FALSE
NPB_2.3-OpenACC-C: sp.c_lhsy_line1014_0,lhs1014,ORIG,1,10000,0,16000,YMM=95.2%,0.000432224,0.001388976,3.213556231,0.000792206,0.984409159,36.98964398,1.181405633,78.40539921,116.5764488,41.26599958,43.86712321,47.53494822,4.382806972,2.579124974,0,0.951612903,0.830985915,0,0,0.108053447,0.068567482,0.020028943,0.377758305,0.243354,0.000499028,0.211136313,FALSE,FALSE,"[61, 57, 61]",5,FALSE
NPB_2.3-OpenACC-C: sp.c_lhsy_line1028_0,lhs1028,ORIG,1,10000,0,533334,XMM=9.7%;YMM=90.3%,7.73E-06,2.20E-05,2.849485829,0.00111182,1.013690288,32.45276478,0.641358988,107.3634945,140.4576183,55.66996013,61.70069871,40.96366268,0.007188947,3.479372508,0,1,1,0,0,8.92E-05,0.542220286,0.262116748,5.66E-06,0.000114872,0.006530395,0.204321425,FALSE,FALSE,"[61, 61]",7,FALSE
NPB_2.3-OpenACC-C: sp.c_lhsy_line1045_0,lhs1045,ORIG,1,10000,0,2000,XMM=9.7%;YMM=90.3%,0.002212035,0.002357614,1.065812077,0.001660061,0.948885847,9.912219316,0.139021309,32.67000756,42.72124819,15.43136527,23.97951147,33.39743623,23.97242298,0.861932114,0,1,1,0.308841843,0.18328841,5.91E-05,0.79288643,0.001919424,0.16231912,0.000151462,0.000354691,0.066692655,FALSE,FALSE,"[61, 61, 61]",8,FALSE
NPB_2.3-OpenACC-C: sp.c_lhsy_line999_0,lhs999,ORIG,1,10000,0,533334,XMM=9.7%;YMM=90.3%,8.07E-06,2.20E-05,2.730618769,0.001119811,1.031004119,31.11316996,0.614884782,102.9317125,134.6597672,53.37199906,58.96725578,45.68241379,0.007069911,3.335749941,0,1,1,0,0,6.74E-05,0.484421188,0.321277298,8.84E-06,0.00016264,0.008998319,0.195786793,FALSE,FALSE,"[61, 61]",7,FALSE
NPB_2.3-OpenACC-C: sp.c_lhsz_line1114_0,lhs1114,ORIG,1,10000,0,160000,SC=100.0%,3.90E-05,8.17E-05,2.093592342,0.015890083,1.001229733,23.6511771,3.15349028,21.28605939,48.09072677,11.03721598,67.58749577,55.32142833,0.007260615,0.689825999,0.049273286,0,0,0,0,5.41E-05,0.399238794,0.479234639,9.81E-06,0.000146881,0.031857443,0.159805251,FALSE,FALSE,"[61, 61]",7,FALSE
NPB_2.3-OpenACC-C: sp.c_lhsz_line1128_0,lhs1128,ORIG,1,10000,0,8000,YMM=94.8%,0.000516965,0.001408768,2.725074897,0.000815074,0.984007381,31.09612671,0.996384739,65.55319299,97.64570444,34.50168052,39.09931688,44.60277792,8.297158769,2.156355033,0,0.948275862,0.820895522,0,0,0.153727654,0.098661911,0.018822125,0.256004729,0.367898665,0.000491125,0.177697376,FALSE,FALSE,"[61, 61, 57]",5,FALSE
NPB_2.3-OpenACC-C: sp.c_lhsz_line1142_0,lhs1142,ORIG,1,10000,0,160000,SC=100.0%,3.95E-05,8.17E-05,2.070204819,0.015855545,1.000515289,12.46653698,3.116634246,21.03728116,36.62045239,10.90821986,62.6162363,54.67004007,0.007313531,0.681763741,0.04869741,0,0,0,0,4.86E-05,0.390983225,0.528017463,6.27E-06,8.94E-05,0.031048157,0.131654822,FALSE,FALSE,"[61, 61]",7,FALSE
NPB_2.3-OpenACC-C: sp.c_lhsz_line1159_0,lhs1159,ORIG,1,10000,0,2000,XMM=9.7%;YMM=90.3%,0.002199859,0.002333523,1.060760443,0.001601492,0.949537446,9.673522397,0.139790786,32.85083473,42.66414791,15.51677726,23.92048165,33.67863703,24.08830093,0.866702874,0,1,1,0.308841843,0.18328841,9.71E-05,0.753502062,0.002370517,0.165680026,0.000227053,0.000341113,0.066261616,FALSE,FALSE,"[61, 61, 61]",8,FALSE
NPB_2.3-OpenACC-C: sp.c_ninvr_line1196_0,nnv1196,ORIG,1,10000,0,8000,YMM=96.8%,0.000514865,0.00181344,3.522165225,0.000966068,0.99567677,32.31684622,1.023569102,122.4429486,155.783364,40.85413506,39.26577206,44.3840321,7.623343607,3.240258519,0.00018063,0.969588551,0.88804634,0,0,0.107572449,0.059737673,0.071173603,0.438081994,0.166341849,1.15E-05,0.209424842,FALSE,TRUE,"[61, 61, 61]",9,FALSE
NPB_2.3-OpenACC-C: sp.c_pinvr_line1235_0,pnv1235,ORIG,1,10000,0,8000,YMM=96.8%,0.000515551,0.001814127,3.518811294,0.000934299,0.994668168,32.27384988,1.022207283,122.2800429,155.5761001,40.79978018,39.25276434,44.43278074,7.860355576,3.235947478,0.00018039,0.969588551,0.88804634,0,0,0.106852746,0.054726937,0.076344905,0.431409075,0.166897207,1.95E-05,0.209245944,FALSE,TRUE,"[61, 61, 61]",9,FALSE
NPB_2.3-OpenACC-C: sp.c_txinvr_line1919_0,txn1919,ORIG,1,10000,0,2667,YMM=96.8%,0.001544001,0.003760506,2.435558815,0.001288717,0.957047941,20.03786937,0.34132096,109.1456088,129.5247992,23.50215665,22.35461718,33.29378661,22.52417576,4.013292004,6.02E-05,0.968481375,0.895850191,0.266475645,0.153846154,0.044702289,9.59E-05,0.07369771,0.64539579,0.073962211,0.006377311,0.153682254,FALSE,TRUE,"[61, 61, 61]",29,FALSE
NPB_2.3-OpenACC-C: sp.c_tzetar_line1968_0,tzt1968,ORIG,1,10000,0,2667,YMM=96.8%,0.001536983,0.003714346,2.416647535,0.001286052,0.989472122,21.14977766,0.342879532,104.281848,125.7745052,26.05045397,22.47922626,33.45425369,22.62738185,4.186680102,6.05E-05,0.967741935,0.88453032,0.291666667,0.170731707,0.037021864,0.000911676,0.09073504,0.642117764,0.077626002,0.002438844,0.151175351,FALSE,TRUE,"[61, 61, 61]",29,FALSE
NPB_2.3-OpenACC-C: ua.c_main_line363_0,npb363,ORIG,1,10000,0,32000,YMM=72.7%,0.000126743,0.00074779,5.900040043,7.40E-05,0.947871583,31.60721627,6.321443254,63.21443254,101.1430921,47.4108244,47.53342955,52.13852511,0.009028614,1.975451017,0.197545102,0.8,0.428571429,0,0,0.000103746,0.000159002,0.047885421,0.173698172,0.000213932,0.444080385,0.320496042,FALSE,FALSE,"[2002, 4, 4, 4]",1,FALSE
NPB_2.3-OpenACC-C: utils.c_add2_line170_0,dd2170,ORIG,1,10000,0,40000,YMM=100.0%,0.000123252,0.000250851,2.035274938,0.000161981,0.999891476,22.34721188,1.015935776,65.00509073,88.36823838,48.75381804,48.9077172,51.70311244,0.008282664,2.031409085,0,0.999988018,0.999808331,0,0,5.89E-05,0.000137403,0.003195681,0.000656634,0.000149886,0.86001366,0.128688344,FALSE,FALSE,[250374],1,FALSE
NPB_2.3-OpenACC-C: utils.c_adds1m1_line132_0,dds132,ORIG,1,10000,0,40000,YMM=100.0%,0.000123153,0.000250855,2.036936278,0.000160603,0.999887136,23.38166674,1.016752369,81.32167597,105.7200951,48.79300558,48.94323066,51.70281454,0.008305557,4.066083799,0,0.999988018,0.999808331,0.4,0.25,6.03E-05,0.000130432,0.002574846,0.000640685,0.000149884,0.825235382,0.163132746,FALSE,FALSE,[250374],2,FALSE
NPB_2.3-OpenACC-C: utils.c_adds2m1_line120_0,dds120,ORIG,1,10000,0,40000,YMM=100.0%,0.000123459,0.000250856,2.031895822,0.000160192,0.999891831,22.30969176,1.014230059,81.11993707,104.4438589,48.67196224,48.8325736,51.73056642,0.008257464,4.055996853,0,0.999988018,0.999808331,0.4,0.25,5.95E-05,0.000135747,0.004862548,0.000691705,0.000147876,0.86001912,0.128472281,FALSE,FALSE,[250374],2,FALSE
NPB_2.3-OpenACC-C: utils.c_col2_line145_0,cl2145,ORIG,1,10000,0,40000,YMM=100.0%,0.000123128,0.00025085,2.037318038,0.000161231,0.999895817,22.36978459,1.016961964,65.07075176,88.45749831,48.80306382,48.95553196,51.70030742,0.008300175,2.033460992,0,0.999988018,0.999808331,0,0,5.64E-05,0.000142322,0.004212902,0.000926442,0.000146063,0.859758884,0.128818331,FALSE,FALSE,[250374],1,FALSE
NPB_2.3-OpenACC-C: utils.c_reciprocal_line43_0,rcp43,ORIG,1,10000,0,16000,YMM=100.0%,0.000476929,0.000189015,0.396316989,0.000614914,0.999944664,3.937457116,0.262747633,12.5993562,16.79956095,8.399570798,8.40718889,8.414549137,0.007251803,0.524973175,4.19E-06,0.999988018,0.999808331,0,0,4.95E-05,3.59E-05,0.94754395,9.61E-06,0.000142865,1.68E-06,0.050991626,FALSE,FALSE,[250374],1,FALSE
TSVC_default: tsc.c_check_line166_0,chck,ORIG,1,10000,0,320000,YMM=100.0%,1.36E-05,5.21E-05,3.823115231,0.000300721,0.999964784,30.51473795,2.347287535,93.89150139,126.7535269,46.9457507,47.1420679,55.54361746,0.007111849,5.868218837,0,1,1,0,0,9.03E-05,1.85E-05,0.000253544,0.599766857,0.000143033,0.001754915,0.237900764,TRUE,TRUE,[31999],5,FALSE
TSVC_default: tsc.c_check_line176_0,chck,ORIG,1,10000,0,235642,YMM=100.0%,1.70E-05,3.70E-05,2.171819246,0.000309461,0.999866997,17.31995761,1.924439734,92.37310726,111.6175046,46.18655363,46.22857421,53.5864928,0.007174481,5.773319203,0,1,1,0,0,0.002427655,2.02E-05,0.144535826,0.000550524,0.000156688,0.650753197,0.130029712,TRUE,TRUE,"[255, 255]",3,FALSE
TSVC_default: tsc.c_check_line185_0,chck,ORIG,1,10000,0,1600000,YMM=98.5%,4.41E-06,1.64E-05,3.728889558,0.001016568,0.999739899,31.58344003,1.857849414,118.9023625,152.3436519,59.45118124,59.98552585,36.08765371,0.006766302,7.431397655,0.116115588,1,1,0,0,5.55E-05,1.74E-05,0.000440553,0.532987497,0.000134579,0.051758743,0.235369436,TRUE,TRUE,[65535],1,FALSE
TSVC_default: tsc.c_init_line223_0,nt,ORIG,1,10000,0,160000,YMM=100.0%,2.51E-05,7.62E-05,3.038110579,0.00069264,0.999944806,11.48919653,0.638288696,153.1892871,165.3167723,25.53154785,51.34795169,52.40835142,0.006974387,0,3.191443481,1,1,0,0,0.000421986,0.779857248,0.001773692,9.60E-06,0.000950287,2.69E-06,0.199465218,FALSE,FALSE,[31999],5,TRUE
TSVC_default: tsc.c_s000_line786_0,s000,ORIG,1,10000,0,800000,YMM=100.0%,5.18E-06,1.50E-05,2.904667122,0.001071861,1.000009068,23.17122176,1.544748117,74.14790963,98.86387951,49.43193975,74.58884624,30.45182107,0.006998698,3.089496235,0,1,1,0,0,6.72E-05,0.023272204,0.004927125,0.707113669,0.000152417,2.91E-06,0.182656027,FALSE,FALSE,[31999],1,FALSE
TSVC_default: tsc.c_s1111_line838_0,s1111,ORIG,1,10000,0,533334,YMM=98.8%,8.71E-06,4.01E-05,4.595802398,0.001111584,0.99998509,28.45747815,0.917983166,132.1895759,161.5650372,29.37546132,51.68514643,36.48261154,0.006960391,4.589915831,0.057373948,0.888888889,0.5,0.222222222,0.066666667,4.24E-05,0.544252371,0.070401245,7.49E-06,0.000151752,2.09E-06,0.488453881,FALSE,FALSE,[15999],9,FALSE
TSVC_default: tsc.c_s113_line921_0,s113,ORIG,1,10000,0,1600000,YMM=100.0%,5.27E-06,1.11E-05,2.104582064,0.001032539,0.999682349,16.75157855,1.540252942,72.83727178,91.12910327,48.55818119,72.99264916,29.66569666,0.006874267,3.034886324,0,0.999781243,0.993062438,0,0,4.51E-05,0.807934036,0.004584055,5.21E-06,0.000134557,2.07E-06,0.128627834,FALSE,FALSE,[31998],1,FALSE
TSVC_default: tsc.c_s119_line1119_0,s119,ORIG,1,10000,0,266667,XMM=3.1%;YMM=93.4%,1.61E-05,6.71E-05,4.17451413,0.000168398,0.977627535,46.68329519,3.551989851,64.69695801,114.9322431,48.52271851,50.13420434,51.55477783,0.00703048,2.021779938,0.015857098,0.97254902,0.708333333,0,0,0.14915066,0.003005837,0.001607478,0.312215794,0.349580601,0.006426342,0.257142122,TRUE,TRUE,"[254, 254]",1,FALSE
TSVC_default: tsc.c_s1213_line1909_0,s1213,ORIG,1,10000,0,266667,YMM=99.9%,1.55E-05,2.82E-05,1.817730127,0.001192426,0.999545246,14.99902469,0.53196431,65.92469422,81.45568322,49.43225569,49.80526977,51.46684978,0.006977303,2.05975242,0.000289671,0.999589807,0.987356322,0,0,0.000709814,0.004526149,0.050097299,0.082533693,0.001698795,0.748951079,0.117999527,FALSE,FALSE,[31997],2,FALSE
TSVC_default: tsc.c_s1221_line1962_0,s1221,ORIG,1,10000,0,533334,XMM=94.1%,9.74E-06,3.21E-05,3.29467407,0.000560787,0.99990443,27.94408963,1.650005351,42.72757882,72.3216738,29.58176925,39.53051935,16.47190657,0.006902222,1.643226196,0.102817191,1,1,0,0,0.000357389,2.87E-05,0.719364645,0.000395888,0.000772907,2.00E-06,0.208267482,TRUE,TRUE,[31995],1,FALSE
TSVC_default: tsc.c_s1244_line2304_0,s1244,ORIG,1,10000,0,228572,YMM=97.9%,1.86E-05,7.42E-05,3.991563899,0.000823434,0.918132698,24.12175222,1.734136777,144.5395045,170.3953935,48.18155562,41.30404214,45.68771533,0.006963232,5.162240392,0.108060898,0.999899036,0.998503741,0.307690089,0.181805798,0.016686929,0.673640899,0.008690496,8.81E-06,0.041678828,8.89E-06,0.218333839,FALSE,TRUE,[31998],6,FALSE
TSVC_default: tsc.c_s1251_line2386_0,s1251,ORIG,1,10000,0,228572,YMM=100.0%,1.82E-05,4.61E-05,2.531327465,0.000637029,1,21.08981876,0.878742448,70.29939586,92.26795707,49.20957711,49.40898697,53.2884296,0.007096984,2.636227345,0,1,1,0,0,5.89E-05,3.10E-05,0.00027322,0.774685686,0.000199436,0.000477917,0.163279847,FALSE,TRUE,[31999],3,FALSE
TSVC_default: tsc.c_s1281_line3194_0,s1281,ORIG,1,10000,0,228572,YMM=100.0%,1.82E-05,5.01E-05,2.750986615,0.000640058,0.999996881,21.08894226,0.878705927,98.41506387,120.3827121,49.20753193,49.41769309,53.28226495,0.007135598,4.393529637,0,1,1,0.333333333,0.2,6.22E-05,3.36E-05,0.000393589,0.774873167,0.000175678,0.000108397,0.178116066,FALSE,TRUE,[31999],5,FALSE
TSVC_default: tsc.c_s1421_line4353_0,s1421,ORIG,1,10000,0,8000000,YMM=99.9%,6.82E-07,2.88E-06,4.218554523,0.003689188,0.99682556,56.2274121,3.224721236,187.6201446,247.072278,93.81007232,94.54415948,0.00228974,0.006845457,11.72625904,0.008061803,0.9995,0.96969697,0,0,0.010157412,1.47E-05,0.023491798,0.001743901,0.000212514,0.503564799,0.450926161,TRUE,TRUE,[15999],1,FALSE
TSVC_default: tsc.c_s173_line1740_0,s173,ORIG,1,10000,0,1600000,YMM=97.0%,2.80E-06,8.54E-06,3.052339193,0.002039361,1.000290535,27.15858605,1.429399266,91.48155302,120.0695383,68.61116477,91.65809058,14.56918735,0.006997607,2.858798532,0.089337454,1,1,0,0,5.57E-05,0.714883137,0.001910305,1.11E-05,0.000232467,0.0042709,0.193162063,TRUE,TRUE,[15999],1,FALSE
TSVC_default: tsc.c_s174_line1767_0,s174,ORIG,1,10000,0,1600000,YMM=97.0%,2.84E-06,1.15E-05,4.062214025,0.002042067,0.999983395,37.98894366,1.406997913,90.04786645,129.443808,67.53589984,90.53018331,15.27030053,0.007037477,2.813995827,0.08793737,1,1,0,0,5.26E-05,2.04E-05,0.004586072,0.622891286,0.000146885,0.010375279,0.261435423,FALSE,FALSE,[15999],1,FALSE
TSVC_default: tsc.c_s2101_line3313_0,s2101,ORIG,1,10000,0,8000000,SC=100.0%,7.05E-07,2.19E-06,3.103456655,0.01497052,1.001826123,42.86517254,0.272448131,8.718340177,51.85596085,5.812226785,97.890736,3.137622174,0.00704285,0.363264174,0.090816044,0,0,0.333333333,0.2,5.22E-05,3.18E-05,0.000229666,0.697000862,0.000145486,0.070096486,0.227040109,FALSE,FALSE,[255],2,FALSE
TSVC_default: tsc.c_s2111_line3379_0,s2111,ORIG,1,10000,0,1600000,YMM=100.0%,4.84E-06,1.13E-05,2.338791388,0.001017598,0.99953509,18.61337236,1.69212476,108.2959846,128.6014818,54.14799232,54.28176768,40.35221858,0.007060127,6.76849904,0,1,1,0,0,0.008137119,0.000126315,0.02183424,0.001960178,0.000147145,0.682183527,0.142915943,TRUE,TRUE,"[255, 255]",1,FALSE
TSVC_default: tsc.c_s211_line1857_0,s211,ORIG,1,10000,0,177778,YMM=99.9%,2.34E-05,4.04E-05,1.722537538,0.001133989,0.999847126,14.40430619,0.704895935,65.50414365,80.61334578,43.6694291,49.34253197,52.0816147,0.007060066,2.729339319,0.000383837,0.999562473,0.986206897,0.333333333,0.2,0.000112379,0.311086256,0.000291927,0.048753881,0.000194414,0.505944539,0.110102528,FALSE,TRUE,[31997],4,FALSE
TSVC_default: tsc.c_s212_line1884_0,s212,ORIG,1,10000,0,266667,YMM=100.0%,1.68E-05,3.63E-05,2.160384367,0.001095827,0.999791346,18.16630854,0.980957782,76.26255601,95.40982232,53.3837892,53.5739125,50.3702596,0.007004733,2.85984585,0.00029791,0.999781243,0.993062438,0.2,0.111111111,0.000146065,5.53E-05,0.002184254,0.002236102,0.000311721,0.821361142,0.13739686,FALSE,FALSE,[31998],3,FALSE
TSVC_default: tsc.c_s221_line1937_0,s221,ORIG,1,10000,0,160000,YMM=75.0%,2.81E-05,0.000210195,7.467627459,0.012421357,0.99666396,75.61083505,9.670059415,59.11530275,144.3961972,31.83131686,27.3019993,28.93980104,0.007027635,2.27366549,0.000213163,0.727204543,0.058875426,0.181818182,0.032283814,0.01881675,0.001199507,0.3612048,9.01E-06,0.033447719,2.25E-06,0.461014967,TRUE,TRUE,[31998],4,FALSE
TSVC_default: tsc.c_s2244_line2330_0,s2244,ORIG,1,10000,0,320000,YMM=100.0%,1.41E-05,2.42E-05,1.709205685,0.001157529,1.000077165,14.17681722,0.581772479,63.32019581,78.07878551,45.22871129,45.27228872,53.21709108,0.007073523,2.261435565,0.00035336,0.999781243,0.993062438,0,0,8.39E-05,0.844434804,0.001270139,6.57E-06,0.000170927,2.92E-05,0.110249022,FALSE,FALSE,[31998],2,FALSE
TSVC_default: tsc.c_s241_line2193_0,s241,ORIG,1,10000,0,266667,YMM=96.9%,1.56E-05,8.02E-05,5.129656166,0.000660699,0.964883227,40.97869577,2.069496768,147.3020333,190.3502259,81.83616793,49.18497625,52.85377805,0.007008912,4.091808396,0.128192691,0.999906247,0.998503741,0,0,0.031573652,0.007190986,0.422161398,8.55E-06,0.06010692,0.146830522,0.285614732,FALSE,TRUE,[31998],4,FALSE
TSVC_default: tsc.c_s242_line2221_0,s242,ORIG,1,10000,0,160000,YMM=75.0%,2.85E-05,0.000202689,7.115682137,0.013077402,0.995037098,73.59101125,9.555558074,44.93486896,128.0814383,26.96092138,22.48086599,24.00895472,0.007011616,2.246743448,0.000210639,0.699934373,0.058875426,0,0,0.015002855,0.000270211,0.360834987,8.91E-06,0.02795425,3.36E-06,0.436560733,TRUE,TRUE,[31998],5,FALSE
TSVC_default: tsc.c_s243_line2248_0,s243,ORIG,1,10000,0,228572,YMM=98.9%,1.82E-05,9.07E-05,4.983116964,0.000544943,0.950988827,48.40122519,2.648950052,133.5595432,184.6097184,77.32636257,49.39052223,53.26030079,0.007116825,5.27205977,0.055223073,0.999823522,0.998336383,0.352919982,0.214191454,0.073149977,0.000399085,0.203940148,9.47E-06,0.172563505,0.272448406,0.29732304,FALSE,TRUE,[31998],6,FALSE
TSVC_default: tsc.c_s251_line2359_0,s251,ORIG,1,10000,0,320000,YMM=100.0%,1.32E-05,3.21E-05,2.427260789,0.001180258,0.999969308,17.5585729,0.605468031,87.18739645,105.3514374,38.74995398,48.594142,53.39370355,0.006996682,3.632808185,0,1,1,0.285714286,0.166666667,5.60E-05,2.89E-05,0.000262325,0.7934679,0.000149973,4.10E-05,0.158526258,FALSE,TRUE,[31999],3,FALSE
TSVC_default: tsc.c_s257_line2625_0,s257,ORIG,1,10000,0,16000,SC=100.0%,0.000289108,0.000525514,1.817705285,0.00785603,1.00230199,10.83828919,1.354786148,6.322335358,18.51541069,2.709572296,70.54870187,24.77195626,0.007023883,0.225797691,0.056449423,0,0,0,0,5.09E-05,0.620696494,0.036751931,0.219363373,0.000141716,0.007229279,0.114424506,TRUE,TRUE,"[254, 255]",2,FALSE
TSVC_default: tsc.c_s3112_line3856_0,s3112,ORIG,1,10000,0,160000,SC=100.0%,2.60E-05,0.000144103,5.54310991,8.71E-05,1,44.31321994,0,14.77107331,59.08429326,9.84738221,14.82078995,6.064712605,0.006908876,0.615461388,0,0,0,0,0,5.72E-05,0.000103508,0.49922901,1.00E-05,0.000157036,3.18E-06,0.332681831,TRUE,TRUE,[31999],1,FALSE
TSVC_default: tsc.c_s311_line3411_0,s311,ORIG,1,10000,0,2898552,YMM=100.0%,1.38E-06,5.55E-06,4.016535179,0.002014625,0.999012174,31.83075735,2.893705214,185.1971337,219.9215962,92.59856683,93.02275645,0.010703318,0.00691334,11.57482085,0,1,1,0,0,0.011916298,0.00013196,0.029933425,0.002080682,0.000140339,0.512221017,0.244400778,TRUE,TRUE,[31999],1,FALSE
TSVC_default: tsc.c_s313_line3509_0,s313,ORIG,1,10000,0,1600000,YMM=100.0%,3.93E-06,1.70E-05,4.332840558,0.001039707,1,30.50079,2.033386,162.67088,195.205056,65.068352,65.42176006,42.27083978,0.006883386,8.133543999,0,1,1,0.25,0.142857143,5.52E-05,1.60E-05,0.000458958,0.61414165,0.000152193,0.032818987,0.274781892,TRUE,TRUE,[31999],2,FALSE
TSVC_default: tsc.c_s315_line3566_0,s315,ORIG,1,10000,0,533334,YMM=97.8%,8.35E-06,8.01E-05,9.593125139,0.000280614,0.999973935,23.00601576,15.33734384,506.1323468,544.4757064,46.01203152,30.78058635,0.006301081,0.006851713,0,21.56813978,1,1,0,0,6.09E-05,2.19E-05,0.285352318,3.12E-06,0.000173072,2.23E-06,0.680076479,FALSE,FALSE,[31999],2,TRUE
TSVC_default: tsc.c_s319_line3714_0,s319,ORIG,1,10000,0,228572,YMM=100.0%,1.82E-05,4.41E-05,2.429410679,0.000640181,0.999920872,15.86611477,0.88145082,91.67088532,108.4184509,35.25803282,49.55294246,53.46526333,0.007096278,3.525803282,0,1,1,0,0,0.000627974,0.00643203,0.003427325,0.79511033,0.001132298,2.00E-06,0.156338406,TRUE,TRUE,[31999],4,FALSE
TSVC_default: tsc.c_s321_line3917_0,s321,ORIG,1,10000,0,160000,SC=100.0%,4.33E-05,0.000144125,3.329523062,0.000181633,0.999972017,23.65702691,2.217482421,14.78487946,40.65938879,8.871038566,8.908471433,3.430229159,0.006842523,0.739230112,0.092395101,0,0,0.3999925,0.249994141,5.11E-05,0.00012095,0.773357248,0.000471369,0.000150315,2.50E-06,0.212287112,TRUE,TRUE,[31998],2,FALSE
TSVC_default: tsc.c_s322_line3944_0,s322,ORIG,1,10000,0,160000,SC=100.0%,4.54E-05,0.000416099,9.171204193,4.59E-05,0.800074639,56.42125328,0,90.27400524,146.6952585,11.28425066,11.30542645,10.18194953,0.006858048,1.410531332,0,0,0.428571429,0.5,0.333333333,5.46E-05,0.000115821,0.001000204,0.305046462,0.000139752,2.21E-06,0.571837026,TRUE,TRUE,[31997],4,FALSE
TSVC_default: tsc.c_s323_line3971_0,s323,ORIG,1,10000,0,80000,SC=100.0%,5.20E-05,0.000480183,9.234722848,5.52E-05,0.999994447,64.00095802,0,32.00047901,96.00143703,12.30787654,17.32267645,17.32684341,0.007111239,1.230787654,0,0,0,0,0,8.14E-05,0.000436241,0.066321159,0.326150412,0.000168036,2.89E-06,0.582129296,TRUE,TRUE,[31998],4,FALSE
TSVC_default: tsc.c_s3251_line2440_0,s3251,ORIG,1,10000,0,160000,YMM=97.9%,2.63E-05,5.22E-05,1.983856057,0.000684376,0.999774532,15.82713453,0.613367605,58.38517596,74.8256781,34.05801931,38.994674,42.75045701,0.00706209,1.824536749,0.038107401,0.999906247,0.998503741,0,0,0.001032809,7.48E-05,0.000230593,0.84091087,0.002474612,2.23E-06,0.128564,FALSE,FALSE,[31998],3,FALSE
TSVC_default: tsc.c_s421_line4315_0,s421,ORIG,1,10000,0,800000,YMM=99.9%,5.24E-06,1.61E-05,3.076713063,0.00105897,0.999585842,33.6880485,1.570115133,97.65231126,132.9104749,73.23923344,73.54723384,28.76423609,0.006875117,3.051634727,0.000953666,0.999781243,0.993062438,0,0,0.000226463,0.000280912,0.005354576,0.005793465,0.000391256,0.730325916,0.194148285,FALSE,FALSE,[31998],1,FALSE
TSVC_default: tsc.c_s421_line4324_0,s421,ORIG,1,10000,0,3200000,YMM=100.0%,1.37E-06,5.55E-06,4.044700356,0.002016978,0.998907019,55.37940406,2.914705477,186.5411505,244.8352601,93.27057526,93.75599784,0.003634795,0.006923708,11.65882191,0,1,1,0,0,0.011990862,1.98E-05,0.02931465,0.00211516,0.000150527,0.511889241,0.443114008,TRUE,TRUE,[31999],1,FALSE
TSVC_default: tsc.c_s422_line4387_0,s422,ORIG,1,10000,0,3200000,YMM=100.0%,1.37E-06,5.55E-06,4.046772477,0.002017492,0.998884945,55.40777522,2.916198696,186.6367165,244.9606904,93.31835826,93.75923848,0.003860423,0.006886008,11.66479478,0,1,1,0,0,0.011656913,2.14E-05,0.029221592,0.002072757,0.000150508,0.511287462,0.443341018,TRUE,TRUE,[31999],1,FALSE
TSVC_default: tsc.c_s423_line4409_0,s423,ORIG,1,10000,0,800000,YMM=100.0%,7.07E-06,1.61E-05,2.278456347,0.001069132,0.999912743,23.81879451,1.148234454,72.39872766,97.36575662,54.29904575,72.63472545,35.15947264,0.006886303,2.262460239,0.000212112,0.999781243,0.993062438,0,0,0.000691362,0.624888169,0.001130985,0.15239781,0.002721271,0.032842395,0.143739508,FALSE,FALSE,[31998],1,FALSE
TSVC_default: tsc.c_s423_line4419_0,s423,ORIG,1,10000,0,3200000,YMM=100.0%,1.37E-06,5.55E-06,4.061265545,0.002012753,0.999144573,32.1872714,2.926115582,187.2713972,222.3847842,93.63569861,94.11367027,0.005682582,0.006961884,11.70446233,0,1,1,0,0,0.010607663,1.79E-05,0.027470096,0.001931523,0.000144319,0.5091105,0.24713814,TRUE,TRUE,[31999],1,FALSE
TSVC_default: tsc.c_s424_line4452_0,s424,ORIG,1,10000,0,3200000,YMM=99.9%,1.38E-06,5.63E-06,4.091131737,0.001946289,0.998434376,55.49662913,3.046326594,186.0352118,244.5781676,93.01760592,93.40525557,0.004738531,0.006896816,11.62720074,0.0036335,0.99975,0.984435798,0,0,0.01175429,1.69E-05,0.02938199,0.002127067,0.000189866,0.509855981,0.444465461,TRUE,TRUE,[31999],1,FALSE
TSVC_default: tsc.c_s431_line4477_0,s431,ORIG,1,10000,0,800000,YMM=100.0%,5.34E-06,2.00E-05,3.751946836,0.001069064,1.000155243,31.44889554,1.497566455,95.84425309,128.7907151,71.88318982,72.36022583,30.37698061,0.006967422,2.995132909,0,1,1,0,0,5.30E-05,0.000135443,0.000906665,0.667261983,0.000143975,0.003225576,0.240318941,TRUE,TRUE,[31999],1,FALSE
TSVC_default: tsc.c_s452_line4647_0,s452,ORIG,1,10000,0,533334,YMM=100.0%,9.51E-06,2.91E-05,3.055074906,0.0011154,1.000099789,17.66370756,0.841128931,134.580629,153.0854655,40.37418871,54.07991294,50.34563021,0.006792325,3.364515726,1.682257863,1,1,0.4,0.25,0.000316367,0.000109455,0.00210191,0.762901099,0.000140568,2.52E-06,0.198915626,FALSE,FALSE,[31999],3,FALSE
TSVC_default: tsc.c_s453_line4675_0,s453,ORIG,1,10000,0,1600000,YMM=98.8%,5.08E-06,2.01E-05,3.949061374,0.001044303,0.999883026,23.63197982,1.575465321,153.6078688,178.8153139,63.01861285,76.02241538,24.51059792,0.006965233,7.975793188,0,0.99378882,0.923076923,0.198757764,0.105263158,0.000378768,0.006451264,0.02084495,0.635375583,0.000858953,0.00016074,0.252819604,TRUE,TRUE,[31999],2,FALSE
TSVC_default: tsc.c_s471_line4714_0,s471,ORIG,1,10000,0,3200000,YMM=100.0%,1.38E-06,5.55E-06,4.032365557,0.002012556,0.999028681,31.95822659,2.905293327,185.9387729,220.8022928,92.96938645,93.3921099,0.004406768,0.006906858,11.62117331,0,1,1,0,0,0.012540856,0.000131529,0.028770551,0.002184211,0.000220366,0.516671083,0.245379504,TRUE,TRUE,[31999],1,FALSE
TSVC_default: tsc.c_set1d_line82_0,st1d,ORIG,1,10000,0,1600000,YMM=99.5%,3.78E-06,3.00E-05,7.94240367,0.001038924,0.99990499,16.9220215,8.461010748,541.5046879,566.8877201,33.84404299,68.12040613,0.033093369,0.006837174,21.15252687,4.362708667,1,1,0.666666667,0.5,0.004232178,0.000249476,0.27948062,3.31E-06,0.001560485,2.10E-06,0.661016465,FALSE,FALSE,[31999],2,TRUE
TSVC_default: tsc.c_set1d_line86_0,st1d,ORIG,1,10000,0,800000,YMM=99.6%,5.13E-06,3.40E-05,6.631915599,0.001073743,0.999918468,12.46637291,6.233186453,473.7221705,492.4217298,24.93274581,50.19338091,0.031065977,0.006870243,15.58296613,6.330579992,1,1,0.666666667,0.5,5.44E-05,2.35E-05,0.366599807,2.99E-06,0.000149983,2.39E-06,0.592258003,FALSE,FALSE,[31999],4,TRUE
TSVC_default: tsc.c_set1ds_line100_0,st1ds,ORIG,1,10000,0,1600000,YMM=99.5%,3.78E-06,3.00E-05,7.942346913,0.001038875,0.99990499,16.92190057,8.460950285,541.5008182,566.8836691,33.84380114,68.13173083,0.059227532,0.00682995,21.15237571,4.362677491,1,1,0.666666667,0.5,0.004220099,0.000293606,0.27948291,3.10E-06,0.001569156,1.87E-06,0.661011741,FALSE,FALSE,[31999],2,TRUE
TSVC_default: tsc.c_set2d_line121_0,st2d,ORIG,1,10000,0,533334,,8.26E-06,1.95E-05,2.360534235,0.000872172,0.96158732,27.77405431,0,31.74177636,59.51583067,31.74177636,63.85823503,27.77502799,0.006822649,0,0,1,1,0,0,5.16E-05,0.860322109,0.000327141,6.95E-06,0.000147822,2.97E-06,0.125666872,FALSE,FALSE,"[255, 255]",2,TRUE
TSVC_default: tsc.c_set2d_line127_0,st2d,ORIG,1,10000,0,533334,,8.15E-06,1.98E-05,2.424613022,0.000870984,0.952443948,28.15867796,0,32.18134623,60.34002419,32.18134623,64.75123476,27.22931849,0.006803169,0,0,1,1,0,0,5.37E-05,0.83389166,0.000316295,8.70E-06,0.000145719,2.95E-06,0.127407146,FALSE,FALSE,"[255, 255]",4,TRUE
TSVC_default: tsc.c_vbor_line5367_0,vbr,ORIG,1,10000,0,26666667,YMM=100.0%,1.50E-07,1.27E-06,8.498294812,0.004707652,0.995856759,17.0691763,0,696.4223929,713.4915692,47.79369363,0.003959316,0.002967715,0.006866288,31.57797615,0,1,1,0.363636364,0.222222222,0.00437863,1.75E-05,0.431071091,3.10E-06,0.00014721,1.55E-06,0.547828293,TRUE,TRUE,[255],59,FALSE
TSVC_default: tsc.c_vbor_line5389_0,vbr,ORIG,1,10000,0,3200000,YMM=100.0%,1.38E-06,5.55E-06,4.036604897,0.002013394,0.999006606,31.99182518,2.908347744,186.1342556,221.0344285,93.06712781,93.49172103,0.006108941,0.006931919,11.63339098,0,1,1,0,0,0.012100299,0.000128625,0.027661728,0.00211825,0.000138459,0.513580805,0.245637478,TRUE,TRUE,[31999],1,FALSE
TSVC_default: tsc.c_vdotr_line5337_0,vdtr,ORIG,1,10000,0,1600000,YMM=100.0%,3.95E-06,1.70E-05,4.318427305,0.001038606,0.999885325,30.39950704,2.026633802,162.1307042,194.556845,64.85228167,65.2042031,40.03297146,0.006918166,8.106535209,0,1,1,0.25,0.142857143,4.85E-05,1.57E-05,0.000443847,0.583547294,0.00013882,0.036966691,0.273869433,TRUE,TRUE,[31999],2,FALSE
TSVC_default: tsc.c_vpv_line5143_0,vpv,ORIG,1,10000,0,1600000,YMM=100.0%,5.20E-06,2.00E-05,3.851960234,0.001044143,1.000144217,32.30332699,1.538253666,98.44823465,132.2898153,73.83617598,74.23635575,28.73313868,0.006946667,3.076507333,0,1,1,0,0,4.98E-05,2.15E-05,0.001030464,0.668293266,0.000144084,0.003342875,0.246848139,FALSE,FALSE,[31999],1,FALSE
TSVC_default: tsc.c_vpvpv_line5252_0,vpvpv,ORIG,1,10000,0,533334,YMM=100.0%,9.53E-06,2.51E-05,2.627968166,0.001116432,0.999969502,20.9809442,0.839237768,80.56682572,102.3870077,53.71121715,53.97258332,50.08593222,0.006934239,3.356951072,0,1,1,0,0,5.26E-05,1.64E-05,0.007742876,0.739830621,0.000151022,0.000704739,0.170115764,FALSE,FALSE,[31999],2,FALSE
TSVC_default: tsc.c_vpvts_line5225_0,vpvts,ORIG,1,10000,0,850699,YMM=100.0%,5.25E-06,2.00E-05,3.819240496,0.001065512,1.000144161,32.01598739,1.524570828,121.9656663,155.5062245,73.17939975,73.59634304,32.51053621,0.00695597,6.098283313,0,1,1,0.4,0.25,5.70E-05,2.19E-05,0.001416682,0.69442141,0.000149587,0.003811103,0.244652413,FALSE,FALSE,[31999],2,FALSE
TSVC_default: tsc.c_vpvtv_line5198_0,vpvtv,ORIG,1,10000,0,533334,YMM=100.0%,9.53E-06,2.61E-05,2.732844157,0.001115881,1.000063506,22.65935549,0.839235389,80.5665973,104.0651882,53.71106486,53.96166391,49.95661779,0.00698734,3.356941554,0,1,1,0.333333333,0.2,6.78E-05,1.64E-05,0.000371657,0.765059455,0.0001549,0.001453281,0.177203418,FALSE,FALSE,[31999],2,FALSE
TSVC_default: tsc.c_vsumr_line5308_0,vsmr,ORIG,1,10000,0,3200000,YMM=100.0%,1.38E-06,5.55E-06,4.03295932,0.002012575,0.999028676,31.96293242,2.905721129,185.9661523,220.8348058,92.98307614,93.40541412,0.004373337,0.006911269,11.62288452,0,1,1,0,0,0.011076982,0.000130569,0.027795677,0.001947029,0.00014128,0.510720737,0.245415636,TRUE,TRUE,[31999],1,FALSE
TSVC_default: tsc.c_vtv_line5171_0,vtv,ORIG,1,10000,0,800000,YMM=100.0%,5.22E-06,2.00E-05,3.837512227,0.001070185,1.000140471,32.17108225,1.531956298,98.04520306,131.7482416,73.5339023,73.92377905,32.79566697,0.007027905,3.063912596,0,1,1,0,0,6.11E-05,4.72E-05,0.001332491,0.692159593,0.000141358,0.002798149,0.245837582,FALSE,FALSE,[31999],1,FALSE
TSVC_default: tsc.c_vtvtv_line5279_0,vtvtv,ORIG,1,10000,0,400000,YMM=100.0%,9.43E-06,2.61E-05,2.76284663,0.00114422,1.000005394,22.90187897,0.84821774,81.42890302,105.1789997,54.28593535,54.55226418,49.58749646,0.007012711,3.392870959,0,1,1,0,0,6.05E-05,2.19E-05,0.000663816,0.727928429,0.000231713,0.000218039,0.17910003,FALSE,FALSE,[31999],2,FALSE
cortexsuite_default: NeuralNetwork.c_BackpropagateSecondDervativesNN_line262_0,bck262,ORIG,1,10000,0,3200000,,1.28E-06,2.66E-06,2.080950879,0.023157771,0.984329805,nan,nan,nan,nan,nan,78.18213968,0.002953872,0.006897155,0,0,,,,,4.87E-05,0.848637594,0.00038792,2.83E-06,0.000150856,1.93E-06,nan,FALSE,FALSE,"[4, 1249]",0,TRUE
cortexsuite_default: kmeans.c_k_means_line109_0,mns109,ORIG,1,10000,0,80000000,YMM=100.0%,6.56E-08,7.39E-07,11.26472837,0.006760577,0.898884898,68.271081,3.901204629,156.0481851,228.2204708,124.8385481,0.002890765,0.002224351,0.006809319,3.901204629,0,1,0.941176471,0,0,4.62E-05,1.43E-05,0.11105517,3.12E-06,0.000138688,1.17E-06,0.428341724,FALSE,FALSE,"[15, 15]",0,FALSE
cortexsuite_default: linear.c_l2r_l2_svc_fun_Hv_line275_0,hv275,ORIG,1,10000,0,2000,YMM=100.0%,0.002213439,0.002022414,0.913697607,0.000257626,1.004809418,10.46734712,0.455110849,36.40794625,47.33040422,21.84476775,21.87509067,32.30323232,21.86796705,1.820397313,0,0.999999504,0.999992058,0.4,0.25,7.68E-05,0.000458683,0.005519372,0.03142771,0.000205384,0.874104961,0.073031404,FALSE,FALSE,[2014668],2,FALSE
cortexsuite_default: linear.c_l2r_l2_svc_fun_fun_line221_0,fn221,ORIG,1,10000,0,5334,YMM=100.0%,0.000946986,0.001640007,1.731817006,0.000105016,1.002862952,11.70108382,1.063753324,102.1178439,114.882681,17.01962235,17.02731583,28.83903501,15.09702302,4.254905587,0,0.999999504,0.999992058,0.333331182,0.199998094,0.010899482,0.000108593,0.365381298,3.03E-05,0.000187762,0.528487745,0.107810839,TRUE,TRUE,[2014668],2,FALSE
cortexsuite_default: linear.c_l2r_l2_svc_fun_grad_line254_0,grd254,ORIG,1,10000,0,2000,YMM=100.0%,0.002212693,0.002022703,0.914136259,0.000258571,1.005396173,10.47087288,0.455264145,36.42020969,47.34634671,21.85212581,21.89097304,32.21286233,21.87584282,1.821010484,0,0.999999504,0.999992058,0.4,0.25,9.17E-05,0.000632676,0.00631922,0.044756157,0.000231417,0.86431129,0.073056003,FALSE,FALSE,[2014668],2,FALSE
cortexsuite_default: linear.c_l2r_l2_svc_fun_subXTv_line323_0,sbx323,ORIG,1,10000,0,5334,,0.00099813,3.13E-06,0.00313838,0.020473571,1.001598715,nan,nan,nan,nan,nan,48.44401139,32.30117456,15.75426755,0,0,,,,,7.49E-05,0.937231254,0.000480463,2.93E-05,0.000206681,9.30E-06,nan,FALSE,FALSE,[2014668],0,TRUE
cortexsuite_default: linear.c_solve_l2r_l1l2_svc_line1114_0,svc1114,ORIG,1,10000,0,5334,YMM=100.0%,0.000947221,0.00164002,1.731400968,0.000103471,1.002896169,11.69818303,1.063489611,102.0925281,114.8542007,17.01540305,17.02310733,28.83401401,15.09720904,4.253850761,0,0.999999504,0.999992058,0.333331182,0.199998094,0.010928434,0.000113003,0.366318278,3.00E-05,0.00019089,0.525083624,0.107784112,TRUE,TRUE,[2014668],2,FALSE
cortexsuite_default: linear.c_solve_l2r_l1l2_svc_line972_0,svc972,ORIG,1,10000,0,32000,,0.000126652,5.37E-07,0.004240125,0.016760315,0.999818629,nan,nan,nan,nan,nan,95.81846684,62.68282713,0.00769086,0,0,,,,,5.96E-05,0.895879969,0.000305632,3.25E-06,0.00014826,2.89E-06,nan,FALSE,FALSE,[510301],0,TRUE
cortexsuite_default: linear.c_solve_l2r_l1l2_svc_line975_0,svc975,ORIG,1,10000,0,4000,,0.001002246,3.80E-06,0.003791654,0.020092257,1.0006134,nan,nan,nan,nan,nan,48.24205096,32.1655157,15.69358659,0,0,,,,,8.67E-05,0.93371374,0.000492373,2.96E-05,0.000220366,9.64E-06,nan,FALSE,FALSE,[2014668],0,TRUE
cortexsuite_default: main.c_train_line191_0,trn191,ORIG,1,10000,0,80000,XMM=0.7%;YMM=98.3%,7.41E-05,0.0002333,3.148555554,0.000132082,0.989343161,29.55892301,2.027816831,114.3472977,145.9340375,48.8441283,49.00142811,53.02083185,0.00754818,4.070344025,1.017586006,0.990046485,0.893745045,0.4,0.245644004,0.006477595,0.000123837,0.683076276,8.68E-06,0.007425244,1.29E-05,0.275466416,FALSE,FALSE,"[500, 300]",3,FALSE
cortexsuite_default: tron.c_TRON_trcg_l2r_l2_svc_line417_0,svc417,ORIG,1,10000,0,800,,0.005403942,0.003305085,0.611606356,0.000601068,1.003045731,5.965064893,0.186413552,17.89510734,24.04658578,14.91258969,20.92188474,26.82777485,20.92113117,0,0,0.999999603,0.999993647,0,0,0.000264042,0.947489735,0.000615074,4.49E-05,0.000618637,1.06E-05,0.040934146,FALSE,FALSE,[2014668],1,FALSE
cortexsuite_default: tron.c_TRON_tron_l2r_l2_svc_line317_0,svc317,ORIG,1,10000,0,4000,,0.001002011,3.87E-06,0.003865557,0.020166456,1.000172993,nan,nan,nan,nan,nan,48.25445742,32.1740879,15.69998761,0,0,,,,,9.76E-05,0.933741342,0.000482635,3.34E-05,0.000253679,8.66E-06,nan,FALSE,FALSE,[2014668],0,TRUE
libraries_default: alac.c_alac_read_d_line575_0,d575,ORIG,1,10000,0,4000000,YMM=100.0%,1.02E-06,4.90E-06,4.784791121,0.003867131,0.998930841,29.97488591,1.998325727,191.8392698,223.8124814,47.95981745,80.56558715,0.002974297,0.006888341,3.996651454,0,1,1,0,0,0.087817639,0.145139208,0.345471362,3.08E-06,0.11236329,2.00E-06,0.371310524,FALSE,TRUE,[4095],1,FALSE
libraries_default: dct.c_compute_mse_line8497_0,ms8497,ORIG,1,10000,0,16000000,YMM=100.0%,3.07E-07,2.21E-06,7.197074153,2.58E-05,0.909369213,65.1165939,1.669656254,160.2870004,227.0732505,80.14350019,83.89060589,0.0024645,0.006849958,10.01793752,0,1,1,0.333333333,0.2,4.84E-05,1.73E-05,0.002620351,0.420084385,0.000142631,0.007666655,0.394851141,TRUE,TRUE,"[31, 31]",3,FALSE
libraries_default: dct.c_dynamic_range_line8685_0,rng8685,ORIG,1,10000,0,2285715,SC=100.0%,1.78E-06,1.14E-05,6.406013407,0.001301399,0.939564289,32.24137953,18.41210341,36.76136689,87.41484983,36.76809974,73.98391418,0.003168939,0.006873023,0,0.575939303,0.999816883,0.997084548,0,0,0.092765749,0.463535393,0.000678575,3.42E-06,0.124594144,2.83E-06,0.272308949,FALSE,FALSE,"[127, 127]",1,TRUE
libraries_default: psycho_1.c_psycho_1_hann_fft_pickmax_line184_0,pck184,ORIG,1,10000,0,53333334,YMM=100.0%,9.41E-08,1.05E-06,11.16190744,0.014292161,0.862571097,92.50068015,5.44121648,348.2378547,446.1797513,261.178391,0.00867504,0.002430719,0.00683503,10.88243296,0,1,1,0,0,4.86E-05,3.95E-05,0.00183207,3.59E-06,0.000150563,2.79E-06,0.689343304,FALSE,FALSE,[1023],1,FALSE
libraries_default: psycho_3.c_psycho_3_fft_line89_0,fft89,ORIG,1,10000,0,53333334,YMM=100.0%,9.37E-08,1.05E-06,11.20832756,0.014292657,0.853054661,92.88537185,5.463845403,349.6861058,448.035323,262.2645793,0.008600466,0.002365145,0.006829676,10.92769081,0,1,1,0,0,5.09E-05,3.96E-05,0.000580207,3.03E-06,0.00014676,2.99E-06,0.692210144,FALSE,FALSE,[1023],1,FALSE
livermore_default: lloops.c_kernels_line1031_0,liv1031,ORIG,1,10000,0,5333334,SC=100.0%,8.04E-07,4.53E-06,5.636149766,0.001998273,0.999627119,34.8230612,17.4115306,29.84833817,82.08292998,19.89889212,0.004781808,0.002711511,0.006837625,1.243680757,0.310920189,0,0,0,0,4.90E-05,2.06E-05,0.656026474,2.93E-06,0.000145046,1.50E-06,0.336129934,FALSE,FALSE,[999],1,FALSE
livermore_default: lloops.c_kernels_line1340_0,liv1340,ORIG,1,10000,0,4000000,YMM=95.1%,1.12E-06,4.24E-06,3.781952954,0.006370578,0.997610322,39.18581359,2.89075674,148.3921793,190.4687497,49.46405978,4.157264548,0.002886333,0.006858902,6.183007472,0.120448198,0.96969697,0.888888889,0,0,0.037684986,1.79E-05,0.033501201,0.584863894,0.036681359,1.82E-06,0.324631403,FALSE,FALSE,,14,FALSE
livermore_default: lloops.c_kernels_line771_0,liv771,ORIG,1,10000,0,20000000,YMM=98.6%,2.06E-07,1.34E-06,6.498892174,0.013175133,0.996204415,44.47244235,7.5673004,349.6092785,401.6490212,155.3819015,0.008417471,0.002869306,0.006849497,24.27842212,0.320155017,0.999000999,0.984615385,0.444444444,0.285714286,0.104110885,1.85E-05,0.142122935,0.0585277,0.062713576,0.004959735,0.395277386,FALSE,FALSE,[1000],5,FALSE
livermore_default: lloops.c_kernels_line869_0,liv869,ORIG,1,10000,0,2000000,SC=100.0%,2.14E-06,6.54E-06,3.055648039,0.002034995,0.999403197,16.823811,6.542593166,26.17037266,49.53677683,11.215874,0.008320713,0.002782494,0.006843478,0.934656167,0.116832021,0,0,0,0,0.001099187,2.03E-05,0.805155766,2.92E-06,0.001551112,1.64E-06,0.189457331,FALSE,FALSE,[999],2,FALSE
livermore_default: lloops.c_kernels_line913_0,liv913,ORIG,1,10000,0,8000000,YMM=98.2%,5.34E-07,4.07E-06,7.623830779,0.003872868,0.997474589,45.09308065,11.27327016,446.8885981,503.2549489,148.962866,5.28875404,0.002829874,0.006852224,29.7925732,0.46971959,0.996984925,0.988047809,0.615384615,0.444444444,0.033944477,0.000133254,0.079915806,0.194727969,0.000138261,0.009401158,0.476067152,FALSE,FALSE,[994],16,FALSE
livermore_default: lloops.c_kernels_line937_0,liv937,ORIG,1,10000,0,5333334,SC=100.0%,7.64E-07,7.46E-06,9.763359808,0.009754817,1.000628756,52.86491711,3.109701006,177.2529574,233.2275755,40.42611308,1.019307332,0.004091772,0.006885707,9.329103019,0.259141751,0,0,0.540540541,0.37037037,5.29E-05,0.000144591,0.342290215,9.54E-07,7.47E-05,2.64E-06,0.6481608,FALSE,FALSE,"[1, 98]",36,FALSE
livermore_default: lloops.c_kernels_line971_0,liv971,ORIG,1,10000,0,22857143,YMM=96.8%,1.95E-07,1.38E-06,7.075624804,9.48E-05,0.99308367,29.25265245,3.200149917,307.0502818,339.5030841,66.09540405,0.005031548,0.002683605,0.006841741,8.805540717,0.197445147,0.931490385,0.79787234,0.304086538,0.14208243,0.069673174,1.69E-05,0.448644441,3.27E-06,0.000138251,1.43E-06,0.46502525,FALSE,FALSE,[100],17,FALSE
livermore_default: lloops.c_kernels_line993_0,liv993,ORIG,1,10000,0,16000000,SC=100.0%,2.94E-07,2.44E-06,8.301128811,0.009546944,1.002183168,60.45078163,8.243288404,79.68512124,148.3791913,54.95525602,0.008657636,0.002720241,0.006866615,3.091233151,0.34347035,0,0,0,0,5.05E-05,0.225187516,0.319607516,2.76E-06,0.000141523,1.43E-06,0.53377149,TRUE,TRUE,[100],9,FALSE
netlib_default: cg_rc_prb.c_test02_line366_0,tst366,ORIG,1,10000,0,1921196,,2.09E-06,7.97E-08,0.038139147,0.002209108,0.996313795,nan,nan,nan,nan,nan,86.79314939,22.30243843,0.006857359,0,0,,,,,5.22E-05,0.862014764,0.006329563,3.06E-06,0.00014417,2.04E-06,nan,FALSE,FALSE,[9840],0,TRUE
netlib_default: cg_rc_prb.c_test02_line379_0,tst379,ORIG,1,10000,0,5333334,YMM=100.0%,8.85E-07,8.07E-06,9.119632519,0.001605895,0.999033138,61.20507164,5.569028675,533.8221366,600.5962369,88.96884933,89.56763357,0.002623229,0.006915611,22.24221233,0,0.999898384,0.998376623,0.333299461,0.199902487,0.015196487,1.59E-05,0.412292502,2.71E-06,0.000180829,0.002372783,0.563894085,TRUE,TRUE,[9840],2,FALSE
netlib_default: cg_rc_prb.c_test02_line421_0,tst421,ORIG,1,10000,0,1600000,YMM=99.9%,2.72E-06,9.95E-06,3.65336691,0.001632319,0.999219156,41.69105263,1.826957499,115.6211495,159.1391596,86.71586211,86.91394931,0.311253501,0.006926493,3.613160921,0,0.999491922,0.991961415,0,0,6.54E-05,0.000255836,0.007225493,0.001319353,0.000164342,0.68326976,0.290597301,FALSE,FALSE,[9840],1,FALSE
netlib_default: cg_rc_prb.c_test02_line432_0,tst432,ORIG,1,10000,0,5333334,YMM=99.9%,8.95E-07,8.12E-06,9.071183429,0.001590704,0.998746909,60.73448052,5.560324828,527.9894941,594.2842994,87.97292063,88.47966242,0.002621664,0.006813133,21.99323016,0,0.999491922,0.991961415,0.332757511,0.199221285,0.020748277,1.62E-05,0.400296425,2.51E-06,0.00017273,0.002709494,0.559318327,TRUE,TRUE,[9840],2,FALSE
netlib_default: chebyshev_prb.c_test01_line115_0,tst115,ORIG,1,10000,0,4000000,,1.10E-06,4.81E-06,4.355935994,0.003072567,0.998319249,nan,nan,nan,nan,nan,73.0187772,0.002729584,0.006848227,0,0,,,,,0.000541813,0.631523249,0.158895724,2.67E-06,0.000936746,2.46E-06,nan,FALSE,FALSE,[n - 1],6,FALSE
netlib_default: chebyshev_prb.c_test01_line208_0,tst208,ORIG,1,10000,0,4000000,,1.10E-06,4.81E-06,4.355445195,0.003072425,0.998319246,nan,nan,nan,nan,nan,73.01049124,0.00274019,0.006816836,0,0,,,,,0.000536054,0.63099405,0.15981497,2.86E-06,0.000929542,2.46E-06,nan,FALSE,FALSE,[n - 1],6,FALSE
polybench_4.1: 2mm.c_init_array_line38_0,2mm38,ORIG,1,10000,0,4372,YMM=99.6%,0.00091436,0.006444591,7.048200038,0.001819072,0.924892138,6.796448914,1.11290976,73.18606575,81.09542442,8.658297947,15.44482122,15.44544197,0.150368391,0.962421963,0.962421963,0.937954643,0.975177305,0,0,0.003252081,0.000789012,0.382188806,1.39E-05,0.003334549,5.85E-06,0.15057872,FALSE,FALSE,"[799, 1099]",3,TRUE
polybench_4.1: 2mm.c_init_array_line41_0,2mm41,ORIG,1,10000,0,4000,YMM=99.6%,0.001001386,0.007262046,7.251995518,0.002513614,0.919949416,5.518751607,0.68545004,90.93637202,97.14057367,8.893274882,15.84032992,15.84654009,0.088902659,0.988629866,1.480747844,0.937238494,0.941666667,0,0,0.00018871,0.000330724,0.360011477,1.12E-05,0.000238546,6.21E-06,0.159799164,FALSE,FALSE,"[1099, 899]",4,TRUE
polybench_4.1: 2mm.c_init_array_line44_0,2mm44,ORIG,1,10000,0,4000,YMM=100.0%,0.001116162,0.008016449,7.182156575,0.001675555,0.926381129,6.773211817,0.967601688,85.14894855,92.88976205,8.708415193,15.50645358,15.53147021,0.31998046,0.967601688,1.451402532,0.941176471,1,0,0,0.002374257,0.001023487,0.382465572,1.11E-05,0.001503834,5.21E-06,0.155336885,FALSE,FALSE,"[899, 1199]",4,TRUE
polybench_4.1: 2mm.c_init_array_line47_0,2mm47,ORIG,1,10000,0,4072,YMM=100.0%,0.000985164,0.007125552,7.23285631,0.00168025,0.926358599,6.821197067,0.974456724,85.7521917,93.5478455,8.770110515,15.61813991,15.62893519,0.071652582,0.974456724,1.461685086,0.941176471,1,0,0,0.002698294,0.000916862,0.378520472,8.98E-06,0.001617496,2.88E-06,0.156373968,FALSE,FALSE,"[799, 1199]",4,TRUE
polybench_4.1: 3mm.c_init_array_line34_0,3mm34,ORIG,1,10000,0,5334,YMM=99.2%,0.000802981,0.005779872,7.198018626,0.002257212,0.918024376,5.62703246,0.844851899,79.76677176,86.23865612,8.958618251,15.96245046,15.95815214,0.008750162,0.996287617,0.996287617,0.934086629,0.9,0,0,0.000220256,0.000240664,0.358988278,9.59E-06,0.000307959,2.86E-06,0.156847983,FALSE,FALSE,"[799, 999]",4,TRUE
polybench_4.1: 3mm.c_init_array_line37_0,3mm37,ORIG,1,10000,0,5334,YMM=99.6%,0.000907884,0.00660126,7.271036434,0.002510353,0.919243063,5.533744625,0.687312231,91.18342258,97.40447944,8.917435606,15.88720406,15.88618223,0.011588507,0.991315717,1.484770652,0.937238494,0.941666667,0,0,0.000194005,0.000256522,0.360719448,1.02E-05,0.000254741,5.22E-06,0.160218898,FALSE,FALSE,"[999, 899]",5,TRUE
polybench_4.1: 3mm.c_init_array_line40_0,3mm40,ORIG,1,10000,0,4000,YMM=100.0%,0.001109799,0.008016827,7.223677454,0.001678762,0.926266981,6.812047329,0.973149618,85.63716643,93.42236337,8.758346566,15.58977989,15.61711202,0.244206836,0.973149618,1.459724428,0.941176471,1,0,0,0.002580773,0.002165675,0.377177669,2.58E-05,0.001562589,2.97E-06,0.156164212,FALSE,FALSE,"[899, 1199]",5,TRUE
polybench_4.1: 3mm.c_init_array_line43_0,3mm43,ORIG,1,10000,0,3200,YMM=99.7%,0.001393769,0.009831349,7.053786616,0.001815932,0.92622543,6.68805235,1.095159963,83.34236193,91.12557425,8.520206753,15.17481449,15.65759511,3.941303166,0.947072295,1.418886492,0.937954643,0.975177305,0,0,0.002468349,0.026807581,0.358683486,3.65E-05,0.001542844,7.87E-06,0.156147886,FALSE,FALSE,"[1199, 1099]",5,TRUE
polybench_4.1: adi.c_init_array_line31_0,d31,ORIG,1,10000,0,16000,XMM=1.1%;YMM=98.9%,0.000313493,0.001275087,4.067355729,0.013558724,0.997813676,17.91428332,1.684248859,178.8366061,198.4351383,25.51892211,51.14767681,51.71014451,0.66169826,3.189865264,1.607692093,1,1,0,0,6.68E-05,0.670365186,0.002302499,2.62E-05,0.000177326,4.99E-06,0.30001976,FALSE,FALSE,"[999, 999]",3,TRUE
polybench_4.1: atax.c_init_array_line34_0,tx34,ORIG,1,10000,0,16000000,XMM=0.2%;YMM=99.8%,3.19E-07,2.58E-06,8.082338268,0.006915719,0.99610502,23.22304031,3.331892515,420.9708408,447.5257736,52.60882918,0.005170476,0.002315226,0.006821317,13.1522073,3.29431478,1,1,0.666666667,0.5,5.15E-05,0.00012893,0.355837115,3.35E-06,0.000136351,1.36E-06,0.612754059,FALSE,FALSE,[2099],2,TRUE
polybench_4.1: atax.c_kernel_atax_line74_0,tx74,ORIG,1,10000,0,32000000,,1.48E-07,8.55E-07,5.787480276,0.012511377,0.9871926,nan,nan,nan,nan,nan,0.004660468,0.002469237,0.006836126,0,0,,,,,4.83E-05,0.582389413,0.006446726,2.69E-06,0.00014648,1.31E-06,nan,FALSE,FALSE,[2099],0,TRUE
polybench_4.1: bicg.c_init_array_line33_0,bcg33,ORIG,1,10000,0,1777778,YMM=99.8%,2.32E-06,1.39E-05,5.980106079,0.001071102,0.911143073,4.127975296,0.872496032,58.99866447,63.9991358,7.369660158,0.151454058,0.003950223,0.006887665,0.819042718,0.409521359,0.93931137,0.985773563,0,0,8.57E-05,0.000149552,0.492385744,9.04E-07,8.89E-05,2.11E-06,0.119622862,FALSE,FALSE,[1899],2,TRUE
polybench_4.1: covariance.c_init_array_line34_0,cvr34,ORIG,1,10000,0,4000,YMM=100.0%,0.001150454,0.002045379,1.777888889,0.012850423,1.000750584,8.031613377,0.730146671,81.77642712,90.53818716,11.68234673,23.51149313,28.53237212,19.71255823,1.460293341,0.730146671,1,1,0,0,0.000150019,0.851758075,0.001562808,3.54E-05,0.000304122,8.90E-06,0.13573008,FALSE,FALSE,"[1399, 1199]",2,TRUE
polybench_4.1: covariance.c_kernel_covariance_line81_0,cvr81,ORIG,1,10000,0,4000,YMM=100.0%,0.00109305,0.001737162,1.589279539,0.012577059,1.001768084,16.90682037,0.768491835,49.18347743,66.85878963,36.88760807,24.72320369,31.81020336,20.63277618,1.53698367,0,1,1,0,0,0.011739777,0.017152894,0.332172807,0.152712568,0.023551938,0.397377781,0.097359607,FALSE,FALSE,"[1399, 1199]",1,FALSE
polybench_4.1: deriche.c_kernel_deriche_line118_0,drc118,ORIG,1,10000,0,800,YMM=100.0%,0.006605335,0.00552643,0.836661486,0.012850388,1.003162927,9.0634514,0.342297836,37.50393683,46.90968606,16.07311578,21.64578886,32.79001401,21.41240006,1.339426315,0,1,1,0,0,0.008634511,0.376741969,0.386955199,3.84E-05,0.010831669,0.230388205,0.062365647,FALSE,FALSE,"[4095, 2159]",2,FALSE
polybench_4.1: deriche.c_kernel_deriche_line150_0,drc150,ORIG,1,10000,0,800,YMM=100.0%,0.006582924,0.005518968,0.83837644,0.012917172,1.003660947,9.094307582,0.343463176,37.63161758,47.06938834,16.12783611,21.71642679,33.05294385,21.47928031,1.343986342,0,1,1,0,0,0.008161961,0.36341421,0.397911373,2.82E-05,0.011400831,0.228234762,0.062557923,FALSE,FALSE,"[4095, 2159]",2,FALSE
polybench_4.1: doitgen.c_init_array_line32_0,dtg32,ORIG,1,10000,0,1600,YMM=98.5%,0.003298623,0.02536044,7.688189323,0.000231273,0.915893801,8.148854239,0.50930339,81.48854239,90.14670002,9.167461019,16.33014919,18.86678256,16.31820285,1.01860678,1.050438242,0.941176471,1,0,0,0.003707195,0.00519646,0.339239073,2.87E-05,0.005496278,3.82E-06,0.15485576,FALSE,FALSE,"[149, 139, 159]",4,TRUE
polybench_4.1: doitgen.c_init_array_line36_0,dtg36,ORIG,1,10000,0,160000,YMM=100.0%,2.56E-05,0.000190542,7.432190411,0.000204411,0.915936412,7.489044742,0.499269649,79.88314391,87.87145831,8.98685369,16.02741771,3.627672399,0.006886818,0.998539299,0.998539299,0.941176471,1,0,0,0.001468234,0.000130019,0.360081367,4.38E-06,0.001075827,2.48E-06,0.16023857,FALSE,FALSE,"[159, 159]",3,TRUE
polybench_4.1: durbin.c_init_array_line31_0,drb31,ORIG,1,10000,0,16000000,XMM=0.8%;YMM=99.2%,2.61E-07,1.78E-06,6.815789474,0.013007465,0.995584378,21.48085938,2.019567976,244.5513222,268.0517496,61.19902958,0.004862583,0.002820129,0.006850698,0,3.824939349,1,1,0,0,5.17E-05,0.000133221,0.3925699,2.93E-06,0.000137617,1.47E-06,0.55099802,FALSE,FALSE,[1999],2,TRUE
polybench_4.1: fdtd-2d.c_init_array_line38_0,fdt38,ORIG,1,10000,0,1807,YMM=100.0%,0.002221419,0.003866138,1.740391003,0.012835919,1.000960332,7.292636189,0.270097637,90.75280591,98.31553974,12.96468656,25.98796464,33.35661577,25.9503543,1.62058582,0.81029291,1,1,0,0,0.00014535,0.840920462,0.000861675,4.05E-05,0.000331722,9.75E-06,0.141511157,FALSE,FALSE,"[999, 1199]",9,TRUE
polybench_4.1: gemm.c_init_array_line37_0,gmm37,ORIG,1,10000,0,4000,YMM=99.6%,0.001132485,0.008053159,7.111048971,0.001814623,0.924671616,6.859250035,1.123193363,73.86232581,81.84476921,8.738303082,15.55727577,15.60687781,0.497464307,0.971315015,0.971315015,0.937954643,0.975177305,0,0,0.002930022,0.004666041,0.377256652,8.91E-06,0.002376887,2.76E-06,0.151902213,FALSE,FALSE,"[999, 1099]",3,TRUE
polybench_4.1: gemm.c_init_array_line40_0,gmm40,ORIG,1,10000,0,3226,YMM=100.0%,0.001240922,0.00890298,7.174490189,0.001677892,0.926452059,6.769162414,0.967023202,85.09804178,92.83422739,8.703208818,15.49365866,15.645789,1.223658782,0.967023202,1.450534803,0.941176471,1,0,0,0.002314874,0.009173979,0.374649617,9.59E-06,0.001426454,3.25E-06,0.155181088,FALSE,FALSE,"[999, 1199]",4,TRUE
polybench_4.1: gemm.c_init_array_line43_0,gmm43,ORIG,1,10000,0,3200,YMM=99.7%,0.001394633,0.009827187,7.046430668,0.001818358,0.92607463,6.683907584,1.094481262,83.29071242,91.06910127,8.514926551,15.16279576,15.67536827,4.03952119,0.946485368,1.41800717,0.937954643,0.975177305,0,0,0.002555095,0.028455535,0.35804809,4.66E-05,0.001673502,6.48E-06,0.155984044,FALSE,FALSE,"[1199, 1099]",4,TRUE
polybench_4.1: gemver.c_kernel_gemver_line101_0,gmv101,ORIG,1,10000,0,1600,YMM=100.0%,0.002779514,0.0165144,5.941471383,0.000583586,1.001554896,61.88133253,1.439100757,152.5446802,215.8651135,25.90381362,26.25544925,31.59193776,23.06026565,5.756403026,0,0.64,0.307692308,0.64,0.181818182,0.018848087,0.113811478,0.33146623,0.074441862,0.000166427,2.05E-05,0.437564419,FALSE,FALSE,"[1999, 1999]",4,FALSE
polybench_4.1: gemver.c_kernel_gemver_line109_0,gmv109,ORIG,1,10000,0,22857143,YMM=100.0%,1.89E-07,2.04E-06,10.79862938,0.007533134,1.001749688,89.82730736,5.283959256,338.1733924,433.284659,253.6300443,16.07504981,0.002820535,0.006841189,10.56791851,0,1,1,0,0,5.01E-05,0.007784557,0.0415919,0.011820806,0.000137731,0.003124462,0.669420514,FALSE,FALSE,[1999],1,FALSE
polybench_4.1: gramschmidt.c_init_array_line38_0,grm38,ORIG,1,10000,0,5334,,0.000778162,0.000606664,0.779611281,0.020247942,0.982659413,nan,nan,nan,nan,nan,29.71282625,34.75021988,15.79910486,0,0,,,,,7.38E-05,0.944967352,0.000365285,2.34E-05,0.00019699,6.78E-06,nan,FALSE,FALSE,"[1199, 1199]",0,TRUE
polybench_4.1: jacobi-1d.c_init_array_line32_0,jcb32,ORIG,1,10000,0,16000000,YMM=100.0%,4.63E-07,4.41E-06,9.516725488,0.007659233,0.999922289,23.74250755,2.158409777,587.0874593,612.9883767,69.06911286,9.009176241,0.00171591,0.006813323,17.26727822,2.158409777,1,1,0,0,4.91E-05,0.128375067,0.137314238,3.11E-06,0.000139742,1.35E-06,0.692732868,FALSE,FALSE,[1999],4,TRUE
polybench_4.1: jacobi-2d.c_init_array_line32_0,jcb32,ORIG,1,10000,0,1600,XMM=0.4%;YMM=99.6%,0.002602857,0.004673386,1.795483258,0.011150742,0.998705528,6.205181177,0.331635568,114.3063896,120.8432064,10.38858407,20.81327906,25.23411824,20.79607057,3.895719026,0.651284309,1,1,0.5,0.333333333,7.57E-05,0.839586979,0.002129549,2.86E-05,0.000167114,4.70E-06,0.137619042,FALSE,FALSE,"[1299, 1299]",8,TRUE
polybench_4.1: ludcmp.c_init_array_line35_0,ldc35,ORIG,1,10000,0,3200000,YMM=100.0%,1.25E-06,3.43E-06,2.742285173,0.007557996,0.998134868,11.97979624,0.798653082,127.7844932,140.5629425,38.33534795,77.18967761,0.003033543,0.006854296,3.194612329,0.798653082,1,1,0.4,0.25,5.25E-05,0.780448649,0.00024202,2.99E-06,0.000144465,2.18E-06,0.202361423,FALSE,FALSE,[1999],4,TRUE
polybench_4.1: mvt.c_kernel_mvt_line88_0,mvt88,ORIG,1,10000,0,2286,YMM=100.0%,0.001973095,0.0033448,1.69520509,0.007764329,0.999646393,15.20454219,1.013636146,81.09089166,97.30906999,32.43635666,16.68822573,28.15199797,16.26013297,4.054544583,0,1,1,0.25,0.142857143,0.005686978,6.23E-05,0.200365388,0.116263723,0.000147512,0.612825237,0.136977858,TRUE,TRUE,"[1999, 1999]",2,FALSE
polybench_4.1: nussinov.c_init_array_line42_0,nss42,ORIG,1,10000,0,2000,,0.002203781,0.0013146,0.596520231,0.013029695,0.997013373,nan,nan,nan,nan,nan,22.76168243,28.55623607,22.70692331,0,0,,,,,6.92E-05,0.946818674,0.0003979,2.91E-05,0.000176802,4.66E-06,nan,FALSE,FALSE,"[2499, 2499]",0,TRUE
polybench_4.1: seidel-2d.c_init_array_line31_0,sdl31,ORIG,1,10000,0,1600,YMM=100.0%,0.002778615,0.0058505,2.105545491,0.007795765,1.0001709,7.917614016,0.719783092,126.6818243,135.3192214,11.51652948,23.1141359,29.10099396,23.04998825,4.318698554,0.719783092,1,1,0.5,0.333333333,6.88E-05,0.827325009,0.001601459,2.84E-05,0.000178077,3.88E-06,0.158060476,FALSE,FALSE,"[1999, 1999]",4,TRUE
polybench_4.1: syr2k.c_init_array_line37_0,syr37,ORIG,1,10000,0,1618,YMM=100.0%,0.002483753,0.01700325,6.845790236,0.001175626,0.918190151,5.314538756,0.483139887,69.57214372,75.36982236,8.696517965,15.48488001,16.90809943,15.36670859,0.966279774,0.483139887,0.941176471,1,0,0,0.001210507,0.031626566,0.36998722,2.88E-05,0.001721822,4.23E-06,0.134658921,FALSE,FALSE,"[1199, 999]",6,TRUE
polybench_4.1: syr2k.c_init_array_line42_0,syr42,ORIG,1,10000,0,2667,YMM=100.0%,0.001549362,0.010502478,6.778581701,0.001680975,0.925884677,6.505903039,0.92941472,70.63551871,78.07083647,8.364732479,14.8936389,15.8480759,7.749638382,0.92941472,0.92941472,0.941176471,1,0,0,0.002783029,0.061849724,0.348034413,3.15E-05,0.002523744,4.28E-06,0.141296157,FALSE,FALSE,"[1199, 1199]",3,TRUE
polybench_4.1: syr2k.c_kernel_syr2k_line87_0,syr87,ORIG,1,10000,0,5334,YMM=100.0%,0.000769111,0.001038321,1.350027831,0.012530766,1.000718224,17.78677378,0.936145988,44.93500743,63.6579272,29.95667162,30.04568113,35.60528664,15.64966482,1.872291976,0,1,1,0,0,0.000291527,0.160611986,0.740777654,3.31E-05,0.000251392,0.006544788,0.11074092,FALSE,FALSE,"[1199, 1199]",1,TRUE
polybench_4.1: syrk.c_init_array_line36_0,syr36,ORIG,1,10000,0,4000,YMM=99.2%,0.001209459,0.008669472,7.168056343,0.002253275,0.917940668,5.6038267,0.841367748,79.43781532,85.88300977,8.921673103,15.89583836,16.07037345,1.217986177,0.992178948,0.992178948,0.934086629,0.9,0,0,0.000287991,0.002102403,0.359996846,1.76E-05,0.000441904,3.81E-06,0.156201145,FALSE,FALSE,"[1199, 999]",3,TRUE
polybench_4.1: syrk.c_init_array_line39_0,syr39,ORIG,1,10000,0,2286,YMM=100.0%,0.001861643,0.01050597,5.643386878,0.001684075,0.926118625,5.414572831,0.773510404,58.78679074,64.97487398,6.96159364,12.39680763,12.96769151,6.427128891,0.773510404,0.773510404,0.941176471,1,0,0,0.001266672,0.002888758,0.507775936,3.69E-05,0.001530523,9.08E-06,0.117658748,FALSE,FALSE,"[1199, 1199]",3,TRUE
spec2000_v1.3: quake.c_main_line452_0,spe452,ORIG,1,10000,0,160000,SC=100.0%,4.59E-05,0.000211316,4.60715525,4.99E-05,1.00262684,47.35797939,21.04799084,0,68.40597023,21.04799084,47.54372707,51.49414449,0.007066467,0,0.328874857,0,0,0,0,5.16E-05,0.723213587,0.021762983,1.04E-05,0.000144453,1.85E-06,0.266655289,FALSE,FALSE,"[30168, 2]",0,TRUE
spec2000_v1.3: quake.c_main_line461_0,spe461,ORIG,1,10000,0,80000,SC=100.0%,5.74E-05,0.000392411,6.84129746,6.02E-05,0.998723331,50.49277365,4.207731137,88.36235388,143.0628587,54.70050479,37.90141521,42.33358699,0.007285333,1.577899177,0,0.375,0.333333333,0,0,5.35E-05,0.000138749,0.493831267,0.006138639,0.00013926,4.85E-05,0.461997507,FALSE,FALSE,"[30168, 2]",3,TRUE
spec2000_v1.3: quake.c_main_line473_0,spe473,ORIG,1,10000,0,19731,SC=100.0%,0.000203077,0.000724834,3.569253069,0.000128508,0.965498953,28.52336193,4.159656949,32.08878218,64.77180106,17.82710121,22.62252236,22.94218084,0.008482724,1.337032591,0.074279588,0,0,0.25,0.142857143,6.04E-05,0.000128739,0.013906825,0.748959082,0.000148442,6.99E-06,0.230868991,FALSE,FALSE,"[30168, 2]",4,FALSE
spec2000_v1.3: quake.c_mem_init_line1508_0,nt1508,ORIG,1,10000,0,1600,SC=100.0%,0.002767346,0.003979422,1.43799231,0.000182892,0.964903135,13.38890504,7.332019429,0,20.72092447,8.288369789,21.04898544,26.33075499,21.06204827,0,0.039847932,0,0,0,0,7.34E-05,0.891469312,0.037155288,2.97E-05,0.000202162,5.41E-06,0.091542546,FALSE,FALSE,"[220545, 2, 2]",0,TRUE
spec2000_v1.3: scanner.c_init_td_line819_0,td819,ORIG,1,10000,0,160000,SC=100.0%,2.72E-05,0.00030015,11.0200564,3.52E-05,0.866576624,29.37213101,11.7488524,0,41.12098341,5.874426202,50.10151294,51.55801112,0.00711518,0,0.367151638,0,0,0,0,5.18E-05,0.070724519,0.000699271,9.90E-06,0.000147149,2.58E-06,0.148845258,FALSE,FALSE,"[9999, 1]",0,TRUE
spec2000_v1.3: stats.c_routing_stats_line88_0,stt88,ORIG,1,10000,0,53333334,SC=100.0%,7.70E-08,6.60E-07,8.57917428,6.97E-05,0.985647819,48.0228062,35.44540457,22.86800295,106.3362137,13.72080177,0.004092273,0.003042791,0.006845646,0.571700074,0,0,0,0,0,5.00E-05,1.86E-05,0.26797707,3.06E-06,0.000144215,1.62E-06,0.656682517,TRUE,TRUE,[91],1,FALSE
spec2006_v1.1: cont_mgau.c_mgau_eval_line604_0,vl604,ORIG,1,10000,0,160000000,YMM=82.1%,3.33E-08,2.81E-07,8.436979896,2.18E-05,0.942261277,34.33598944,2.641229957,226.7856085,263.7628279,23.41090189,0.002833847,0.002265277,0.006809788,8.193815661,0,0.820512821,0.416666667,0.421052632,0.218978102,0.079342816,0.000126761,0.201732861,3.14E-06,0.000190423,1.16E-06,0.59216765,TRUE,TRUE,[38],8,FALSE
spec2006_v1.1: cont_mgau.c_mgau_eval_line652_0,vl652,ORIG,1,10000,0,228571429,YMM=82.1%,1.89E-08,1.90E-07,10.06601241,1.46E-05,0.903898324,41.9446312,4.660514577,219.0441851,265.6493309,24.78546389,0.003493735,0.00277277,0.006827672,7.229093634,0,0.820512821,0.443181818,0.328205128,0.098765432,0.003137408,1.63E-05,0.185767166,2.88E-06,0.000203052,1.47E-06,0.626220862,TRUE,TRUE,[38],4,FALSE
spec2006_v1.1: new_fe_sp.c_fe_hamming_window_line240_0,wnd240,ORIG,1,10000,0,160000000,YMM=99.5%,4.33E-08,4.88E-07,11.27238007,1.18E-05,0.969744592,108.264229,5.357786076,302.9920402,416.6140552,227.2440301,0.002288292,0.001788468,0.006779254,9.468501255,0,0.995121951,0.931034483,0,0,4.79E-05,1.27E-05,0.283837768,2.94E-06,0.000134264,0.000992769,0.622599209,FALSE,FALSE,[409],1,FALSE
spec2006_v1.1: new_fe_sp.c_fe_pre_emphasis_line207_0,mph207,ORIG,1,10000,0,32000000,YMM=99.6%,1.30E-07,8.76E-07,6.75906685,5.09E-05,0.989650144,25.29418876,1.912487443,251.6463316,278.8530077,37.84874342,0.003770777,0.002989869,0.006839375,6.308123903,0.007711643,0.99476074,0.973214286,0.571428571,0.393129771,0.001104567,1.78E-05,0.447901141,2.93E-06,0.000801757,1.43E-06,0.513762156,FALSE,FALSE,[408],2,FALSE
